﻿<?xml version="1.0" encoding="utf-8"?>
<window id="106">
  <defaultcontrol>1000</defaultcontrol>
  <include_OFF>dialogeffect</include_OFF>
  <coordinates>
    <system>1</system>
    <posx>0</posx>
    <posy>0</posy>
  </coordinates>
  <controls>
    <control type="image" id="999">
      <description>background image</description>
      <posx>0</posx>
      <posy>0</posy>
      <width>340</width>
      <height>720</height>
      <texture border="20">DialogBack.png</texture>
    </control>
    <control type="grouplist" id="996">
      <description>grouplist for context buttons</description>
      <posx>20</posx>
      <posy>30</posy>
      <width>300</width>
      <height max="670">auto</height>
      <itemgap>2</itemgap>
    </control>
    <control type="button">
      <description>Close Window button</description>
      <posx>260</posx>
      <posy>5</posy>
      <width>64</width>
      <height>32</height>
      <label>-</label>
      <font>-</font>
      <onclick>PreviousMenu</onclick>
      <texturefocus>DialogCloseButton-focus.png</texturefocus>
      <texturenofocus>DialogCloseButton.png</texturenofocus>
      <onleft>2</onleft>
      <onright>2</onright>
      <onup>2</onup>
      <ondown>2</ondown>
      <visible>system.getbool(input.enablemouse)</visible>
    </control>
    <control type="button" id="1000">
      <description>button template</description>
      <posx>-</posx>
      <posy>-</posy>
      <width>300</width>
      <height>38</height>
      <font>fontContextMenu</font>
      <align>center</align>
      <textcolor>grey2</textcolor>
      <focusedcolor>white</focusedcolor>
      <texturefocus border="5">button-focus.png</texturefocus>
    </control>
  </controls>
  <animation type="WindowOpen">
    <effect type="zoom" start="0" end="200" center="auto" time="200"></effect>
    <effect_off type="slide" end="0,-80" time="0" />
    <effect type="fade" time="250"></effect>
  </animation>
  <animation type="WindowClose">
    <effect type="zoom" start="200" end="0" center="auto" time="200"></effect>
    <effect_off type="slide" start="0,-80" time="200" />
    <effect type="fade" time="250"></effect>
  </animation>
</window>