﻿<?xml version="1.0" encoding="utf-8"?>
<window id="107">
  <coordinates>
    <posx_off>860</posx_off>
    <posy_off>630</posy_off>
    <posx>260</posx>
    <posy>550</posy>
  </coordinates>
  <controls>
    <control type="group">
      <animation type="WindowClose">
        <effect type="zoom" start="200" end="200" center="0,0" delay_off="9000" time="0"></effect>
        <effect_off type="slide" start="0,-80" time="200" />
        <effect type="fade" time="200" delay_off="9000"></effect>
      </animation>
      <animation type="WindowOpen">
        <effect type="zoom" start="0" end="200" center="0,0" time="0"></effect>
        <effect_off type="slide" end="0,-80" time="0" />
        <effect type="fade" time="100"></effect>
      </animation>
      <animation_off effect="fade" start="100" end="40" time="600" condition="Window.IsVisible(infodialog)" pulse="true">conditional</animation_off>
      <control type="image">
        <posx>0</posx>
        <posy>0</posy>
        <width>500</width>
        <height>70</height>
        <colordiffuse>EEFFFFFF</colordiffuse>
        <texture border="12">OverlayDialogBackground.png</texture>
      </control>
      <control type="image" id="400">
        <description>avatar</description>
        <posx>20</posx>
        <posy>10</posy>
        <width>50</width>
        <height>50</height>
        <aspectratio>keep</aspectratio>
        <texture>DefaultFile.png</texture>
      </control>
      <control type="fadelabel" id="401">
        <description>Line 1 Label</description>
        <posx>75</posx>
        <posy>15</posy>
        <width>410</width>
        <height>18</height>
        <font>font12_title</font>
        <textcolor>white</textcolor>
        <align>left</align>
        <aligny>center</aligny>
        <scrollout>false</scrollout>
        <pauseatend>2000</pauseatend>
      </control>
      <control type="fadelabel" id="402">
        <description>Line 2 Label</description>
        <posx>75</posx>
        <posy>35</posy>
        <width>410</width>
        <height>20</height>
        <font>font12_title</font>
        <textcolor>grey2</textcolor>
        <align>left</align>
        <aligny>center</aligny>
        <scrollout>false</scrollout>
        <pauseatend>2000</pauseatend>
      </control>
      <control type="image" id="403">
        <description>avatar</description>
        <posx>20</posx>
        <posy>10</posy>
        <width>50</width>
        <height>50</height>
        <aspectratio>keep</aspectratio>
        <visible>false</visible>
        <texture>DefaultIconInfo.png</texture>
      </control>
      <control type="image" id="404">
        <description>avatar</description>
        <posx>20</posx>
        <posy>10</posy>
        <width>50</width>
        <height>50</height>
        <aspectratio>keep</aspectratio>
        <visible>false</visible>
        <texture>DefaultIconWarning.png</texture>
      </control>
      <control type="image" id="405">
        <description>avatar</description>
        <posx>20</posx>
        <posy>10</posy>
        <width>50</width>
        <height>50</height>
        <aspectratio>keep</aspectratio>
        <visible>false</visible>
        <texture>DefaultIconError.png</texture>
      </control>
    </control>
  </controls>
</window>