﻿<?xml version="1.0" encoding="utf-8"?>
<window id="3">
  <defaultcontrol>20</defaultcontrol>
  <allowoverlay>no</allowoverlay>
  <controls>
    <include>CommonSettingsBackground</include>
    <include>CommonMediaPlayingBackground</include>
    <control type="image">
      <posx>0</posx>
      <posy>100r</posy>
      <width>1280</width>
      <height>100</height>
      <texture>floor.png</texture>
      <animation effect="fade" start="0" end="100" time="200" condition="Window.Previous(Home)">WindowOpen</animation>
      <animation effect="fade" start="100" end="0" time="200" condition="Window.Next(Home)">WindowClose</animation>
    </control>
    <control type="group">
      <posx>30</posx>
      <posy>40</posy>
      <animation type="WindowOpen" reversible="false">
        <effect type="zoom" start="80" end="100" center="640,360" easing="out" tween="back" time="300" />
        <effect type="fade" start="0" end="100" time="300" />
      </animation>
      <animation type="WindowClose" reversible="false">
        <effect type="zoom" start="100" end="80" center="640,360" easing="in" tween="back" time="300" />
        <effect type="fade" start="100" end="0" time="300" />
      </animation>
      <control type="image">
        <posx>0</posx>
        <posy>0</posy>
        <width>610</width>
        <height>620</height>
        <texture border="20">ContentPanel.png</texture>
      </control>
      <control type="image">
        <posx>0</posx>
        <posy>612</posy>
        <width>610</width>
        <height>64</height>
        <texture border="10">ContentPanelMirror.png</texture>
      </control>
      <control type="image">
        <posx>510</posx>
        <posy>20</posy>
        <width>80</width>
        <height>80</height>
        <aspectratio>keep</aspectratio>
        <info>Container(20).ListItem.Icon</info>
        <bordertexture border="5">button-nofocus.png</bordertexture>
        <bordersize>3</bordersize>
      </control>
      <control type="label">
        <description>header label</description>
        <posx>30</posx>
        <posy>30</posy>
        <width>470</width>
        <height>30</height>
        <font>font35_title</font>
        <label>A</label>
        <align>left</align>
        <aligny>center</aligny>
        <textcolor>blue</textcolor>
        <shadowcolor>black</shadowcolor>
      </control>
      <control type="label" id="101">
        <description>current directory text label</description>
        <posx>30</posx>
        <posy>70</posy>
        <width>470</width>
        <height>30</height>
        <font>font12_title</font>
        <textcolor>selected</textcolor>
        <shadowcolor>black</shadowcolor>
        <scroll>true</scroll>
        <align>left</align>
        <aligny>center</aligny>
      </control>
      <control type="scrollbar" id="30">
        <posx>10</posx>
        <posy>110</posy>
        <width>25</width>
        <height>490</height>
        <enable>false</enable>
        <texturesliderbackground border="0,14,0,14">ScrollBarV.png</texturesliderbackground>
        <texturesliderbar border="2,16,2,16">ScrollBarV_bar.png</texturesliderbar>
        <texturesliderbarfocus border="2,16,2,16">ScrollBarV_bar_focus.png</texturesliderbarfocus>
        <textureslidernib>-</textureslidernib>
        <textureslidernibfocus>-</textureslidernibfocus>
        <onleft>31</onleft>
        <onright>20</onright>
        <ondown>20</ondown>
        <onup>20</onup>
        <showonepage>false</showonepage>
        <orientation>vertical</orientation>
      </control>
      <control type="list" id="20">
        <posx>40</posx>
        <posy>110</posy>
        <width>540</width>
        <height>491</height>
        <onleft>30</onleft>
        <onright>ContextMenu</onright>
        <onup>20</onup>
        <ondown>20</ondown>
        <pagecontrol>30</pagecontrol>
        <scrolltime>200</scrolltime>
        <itemlayout height="60" width="540">
          <control type="image">
            <posx>0</posx>
            <posy>0</posy>
            <width>540</width>
            <height>62</height>
            <texture border="0,2,0,2">MenuItemNF.png</texture>
          </control>
          <control type="label">
            <posx>0</posx>
            <posy>0</posy>
            <width>500</width>
            <height>62</height>
            <font>font40</font>
            <aligny>center</aligny>
            <selectedcolor>selected</selectedcolor>
            <textcolor>grey2</textcolor>
            <align>left</align>
            <info>ListItem.Label</info>
          </control>
          <control type="label">
            <posx>530</posx>
            <posy>5</posy>
            <width>200</width>
            <height>55</height>
            <font>font20</font>
            <aligny>center</aligny>
            <selectedcolor>selected</selectedcolor>
            <textcolor>grey</textcolor>
            <align>right</align>
            <info>ListItem.Label2</info>
          </control>
        </itemlayout>
        <focusedlayout height="60" width="540">
          <control type="image">
            <posx>0</posx>
            <posy>0</posy>
            <width>540</width>
            <height>62</height>
            <visible>!Control.HasFocus(20)</visible>
            <texture border="0,2,0,2">MenuItemNF.png</texture>
          </control>
          <control type="image">
            <posx>0</posx>
            <posy>0</posy>
            <width>540</width>
            <height>62</height>
            <visible>Control.HasFocus(20)</visible>
            <texture border="0,2,0,2">MenuItemFO.png</texture>
          </control>
          <control type="image">
            <posx>340</posx>
            <posy>2</posy>
            <width>200</width>
            <height>60</height>
            <texture border="0,0,14,0">MediaItemDetailBG.png</texture>
            <visible>Control.HasFocus(20) + !IsEmpty(ListItem.Label2)</visible>
          </control>
          <control type="label">
            <posx>0</posx>
            <posy>0</posy>
            <width>500</width>
            <height>55</height>
            <font>font40</font>
            <aligny>center</aligny>
            <selectedcolor>selected</selectedcolor>
            <textcolor>white</textcolor>
            <align>left</align>
            <info>ListItem.Label</info>
          </control>
          <control type="label">
            <posx>530</posx>
            <posy>5</posy>
            <width>200</width>
            <height>55</height>
            <font>font20</font>
            <aligny>center</aligny>
            <selectedcolor>selected</selectedcolor>
            <textcolor>grey</textcolor>
            <align>right</align>
            <info>ListItem.Label2</info>
          </control>
        </focusedlayout>
      </control>
    </control>
    <control type="group">
      <posx>650</posx>
      <posy>40</posy>
      <animation type="WindowOpen" reversible="false">
        <effect type="zoom" start="80" end="100" center="640,360" easing="out" tween="back" time="300" />
        <effect type="fade" start="0" end="100" time="300" />
      </animation>
      <animation type="WindowClose" reversible="false">
        <effect type="zoom" start="100" end="80" center="640,360" easing="in" tween="back" time="300" />
        <effect type="fade" start="100" end="0" time="300" />
      </animation>
      <control type="image">
        <posx>0</posx>
        <posy>0</posy>
        <width>610</width>
        <height>620</height>
        <texture border="20">ContentPanel.png</texture>
      </control>
      <control type="image">
        <posx>0</posx>
        <posy>612</posy>
        <width>610</width>
        <height>64</height>
        <texture border="10">ContentPanelMirror.png</texture>
      </control>
      <control type="image">
        <posx>20</posx>
        <posy>20</posy>
        <width>80</width>
        <height>80</height>
        <aspectratio>keep</aspectratio>
        <info>Container(21).ListItem.Icon</info>
        <bordertexture border="5">button-nofocus.png</bordertexture>
        <bordersize>3</bordersize>
      </control>
      <control type="label">
        <description>header label</description>
        <posx>580</posx>
        <posy>30</posy>
        <width>470</width>
        <height>30</height>
        <font>font35_title</font>
        <label>B</label>
        <align>right</align>
        <aligny>center</aligny>
        <textcolor>blue</textcolor>
        <shadowcolor>black</shadowcolor>
      </control>
      <control type="label" id="102">
        <description>current directory text label</description>
        <posx>580</posx>
        <posy>70</posy>
        <width>470</width>
        <height>30</height>
        <font>font12_title</font>
        <textcolor>selected</textcolor>
        <shadowcolor>black</shadowcolor>
        <scroll>true</scroll>
        <align>right</align>
        <aligny>center</aligny>
      </control>
      <control type="scrollbar" id="31">
        <posx>575</posx>
        <posy>110</posy>
        <width>25</width>
        <height>490</height>
        <enable>false</enable>
        <texturesliderbackground border="0,14,0,14">ScrollBarV.png</texturesliderbackground>
        <texturesliderbar border="2,16,2,16">ScrollBarV_bar.png</texturesliderbar>
        <texturesliderbarfocus border="2,16,2,16">ScrollBarV_bar_focus.png</texturesliderbarfocus>
        <textureslidernib>-</textureslidernib>
        <textureslidernibfocus>-</textureslidernibfocus>
        <onleft>21</onleft>
        <onright>30</onright>
        <ondown>21</ondown>
        <onup>21</onup>
        <showonepage>false</showonepage>
        <orientation>vertical</orientation>
      </control>
      <control type="list" id="21">
        <posx>30</posx>
        <posy>110</posy>
        <width>540</width>
        <height>491</height>
        <onleft>20</onleft>
        <onright>ContextMenu</onright>
        <onup>21</onup>
        <ondown>21</ondown>
        <pagecontrol>31</pagecontrol>
        <scrolltime>200</scrolltime>
        <itemlayout height="60">
          <control type="image">
            <posx>0</posx>
            <posy>0</posy>
            <width>540</width>
            <height>62</height>
            <texture border="0,2,0,2">MenuItemNF.png</texture>
          </control>
          <control type="label">
            <posx>0</posx>
            <posy>0</posy>
            <width>500</width>
            <height>62</height>
            <font>font40</font>
            <aligny>center</aligny>
            <selectedcolor>selected</selectedcolor>
            <textcolor>grey2</textcolor>
            <align>left</align>
            <info>ListItem.Label</info>
          </control>
          <control type="label">
            <posx>530</posx>
            <posy>5</posy>
            <width>200</width>
            <height>55</height>
            <font>font20</font>
            <aligny>center</aligny>
            <selectedcolor>selected</selectedcolor>
            <textcolor>grey</textcolor>
            <align>right</align>
            <info>ListItem.Label2</info>
          </control>
        </itemlayout>
        <focusedlayout height="60">
          <control type="image">
            <posx>0</posx>
            <posy>0</posy>
            <width>540</width>
            <height>62</height>
            <visible>!Control.HasFocus(21)</visible>
            <texture border="0,2,0,2">MenuItemNF.png</texture>
          </control>
          <control type="image">
            <posx>0</posx>
            <posy>0</posy>
            <width>540</width>
            <height>62</height>
            <visible>Control.HasFocus(21)</visible>
            <texture border="0,2,0,2">MenuItemFO.png</texture>
          </control>
          <control type="image">
            <posx>340</posx>
            <posy>2</posy>
            <width>200</width>
            <height>60</height>
            <texture border="0,0,14,0">MediaItemDetailBG.png</texture>
            <visible>Control.HasFocus(21) + !IsEmpty(ListItem.Label2)</visible>
          </control>
          <control type="label">
            <posx>0</posx>
            <posy>0</posy>
            <width>500</width>
            <height>62</height>
            <font>font40</font>
            <aligny>center</aligny>
            <selectedcolor>selected</selectedcolor>
            <textcolor>white</textcolor>
            <align>left</align>
            <info>ListItem.Label</info>
          </control>
          <control type="label">
            <posx>530</posx>
            <posy>5</posy>
            <width>200</width>
            <height>55</height>
            <font>font20</font>
            <aligny>center</aligny>
            <selectedcolor>selected</selectedcolor>
            <textcolor>grey</textcolor>
            <align>right</align>
            <info>ListItem.Label2</info>
          </control>
        </focusedlayout>
      </control>
    </control>
    <control type="label">
      <description>number of files/pages in left list text label</description>
      <posx>40</posx>
      <posy>53r</posy>
      <width>570</width>
      <font>font12</font>
      <align>left</align>
      <scroll>true</scroll>
      <textcolor>grey</textcolor>
      <shadowcolor>black</shadowcolor>
      <label>([COLOR=blue]$INFO[Container(20).NumItems][/COLOR]) $LOCALIZE[31025] - $LOCALIZE[31024] ([COLOR=blue]$INFO[Container(20).CurrentPage]/$INFO[Container(20).NumPages][/COLOR])</label>
    </control>
    <control type="label">
      <description>number of files/pages in left list text label</description>
      <posx>40r</posx>
      <posy>53r</posy>
      <width>570</width>
      <font>font12</font>
      <align>right</align>
      <scroll>true</scroll>
      <textcolor>grey</textcolor>
      <shadowcolor>black</shadowcolor>
      <label>([COLOR=blue]$INFO[Container(21).NumItems][/COLOR]) $LOCALIZE[31025] - $LOCALIZE[31024] ([COLOR=blue]$INFO[Container(21).CurrentPage]/$INFO[Container(21).NumPages][/COLOR])</label>
    </control>
    <control type="group">
      <posx>60</posx>
      <posy>0</posy>
      <animation effect="slide" end="-310,0" time="400" tween="quadratic" easing="out">WindowClose</animation>
      <animation effect="slide" start="-310,0" time="400" tween="quadratic" easing="out">WindowOpen</animation>
      <control type="image">
        <posx>0</posx>
        <posy>0</posy>
        <width>250</width>
        <height>35</height>
        <texture border="0,0,32,0">header.png</texture>
      </control>
      <control type="label">
        <include>WindowTitleCommons</include>
        <posx>220</posx>
        <label>$LOCALIZE[7]</label>
      </control>
    </control>
    <include>WindowTitleHomeButton</include>
    <include>Clock</include>
  </controls>
</window>