﻿<?xml version="1.0" encoding="utf-8"?>
<window id="501">
  <defaultcontrol always="true">50</defaultcontrol>
  <allowoverlay>no</allowoverlay>
  <views>50,51,550,551,500,506</views>
  <controls>
    <include>CommonMusicBackground</include>
    <include>CommonMediaPlayingBackground</include>
    <include>ContentPanelBackgrounds</include>
    <control type="group">
      <include>Window_OpenClose_Animation</include>
      <include>CommonRootView</include>
      <!-- view id = 50 -->
      <include>FullWidthList</include>
      <!-- view id = 51 -->
      <include>ThumbnailView</include>
      <!-- view id = 500 -->
      <include>MusicInfoListView</include>
      <!-- view id = 506 -->
      <include>AddonInfoListView1</include>
      <!-- view id = 550 -->
      <include>AddonInfoThumbView1</include>
      <!-- view id = 551 -->
    </control>
    <include>CommonPageCount</include>
    <include>CommonNowPlaying</include>
    <include>BehindDialogFadeOut</include>
    <include>ScrollOffsetLabel</include>
    <control type="group">
      <posx>-250</posx>
      <include>SideBladeLeft</include>
      <control type="grouplist" id="9000">
        <posx>0</posx>
        <posy>110</posy>
        <width>250</width>
        <height>600</height>
        <onleft>9000</onleft>
        <onright>50</onright>
        <onup>9000</onup>
        <ondown>9000</ondown>
        <onback>50</onback>
        <itemgap>0</itemgap>
        <control type="label" id="200">
          <width>250</width>
          <height>35</height>
          <font>font12caps</font>
          <label>31006</label>
          <textcolor>blue</textcolor>
          <align>center</align>
          <aligny>center</aligny>
        </control>
        <control type="button" id="2">
          <description>View As button</description>
          <textwidth>235</textwidth>
          <include>ButtonCommonValues</include>
          <label>-</label>
        </control>
        <control type="button" id="3">
          <description>Sort by button</description>
          <include>ButtonCommonValues</include>
          <label>103</label>
        </control>
        <control type="togglebutton" id="4">
          <description>Sort asc</description>
          <include>ButtonCommonValues</include>
          <alttexturefocus border="5">button-focus.png</alttexturefocus>
          <alttexturenofocus>-</alttexturenofocus>
          <label>31051</label>
          <altlabel>31050</altlabel>
          <usealttexture>Container.SortDirection(Ascending)</usealttexture>
        </control>
        <control type="radiobutton" id="99">
          <description>Library button</description>
          <label>$LOCALIZE[29800]</label>
          <onclick>ReplaceWindow(MusicLibrary)</onclick>
          <selected>Window.IsVisible(MusicLibrary)</selected>
          <include>ButtonCommonValues</include>
          <enable>Library.HasContent(Music)</enable>
        </control>
        <control type="edit" id="19">
          <description>Filter</description>
          <textwidth>230</textwidth>
          <include>ButtonCommonValues</include>
          <label>587</label>
        </control>
        <include>CommonNowPlaying_Controls</include>
      </control>
    </control>
    <control type="group">
      <posx>0</posx>
      <posy>0</posy>
      <animation effect="slide" end="-500,0" time="400" tween="quadratic" easing="out">WindowClose</animation>
      <animation effect="slide" start="-500,0" time="400" tween="quadratic" easing="out">WindowOpen</animation>
      <control type="image">
        <posx>0</posx>
        <posy>0</posy>
        <width>520</width>
        <height>67</height>
        <texture border="0,0,32,0">header.png</texture>
      </control>
      <control type="label">
        <posx>90</posx>
        <posy>0</posy>
        <width>550</width>
        <height>50</height>
        <font>font40caps_title</font>
        <textcolor>white</textcolor>
        <align>left</align>
        <aligny>center</aligny>
        <label>$LOCALIZE[31022]</label>
      </control>
    </control>
    <include>WindowTitleHomeButton</include>
    <include>Clock</include>
  </controls>
</window>