﻿<?xml version="1.0" encoding="utf-8"?>
<window id="2901">
  <defaultcontrol always="true">602</defaultcontrol>
  <include>dialogeffect</include>
  <coordinates>
    <system>1</system>
    <posx>0</posx>
    <posy>0</posy>
  </coordinates>
  <controls>
    <control type="button" id="1000">
      <description>Close Window button</description>
      <posx>84r</posx>
      <posy>0</posy>
      <width>64</width>
      <height>32</height>
      <label>-</label>
      <font>-</font>
      <onclick>Dialog.Close(VideoOSD,true)</onclick>
      <onclick>FullScreen</onclick>
      <texturefocus>DialogCloseButton-focus.png</texturefocus>
      <texturenofocus>DialogCloseButton.png</texturenofocus>
      <onleft>1000</onleft>
      <onright>1000</onright>
      <onup>100</onup>
      <ondown>100</ondown>
      <animation effect="fade" time="200">VisibleChange</animation>
      <visible>![Window.IsVisible(SliderDialog) | Window.IsVisible(OSDVideoSettings) | Window.IsVisible(OSDAudioSettings) | Window.IsVisible(VideoBookmarks)]</visible>
    </control>
    <control type="slider" id="87">
      <description>Seek Slider</description>
      <posx>430</posx>
      <posy>72r</posy>
      <width>720</width>
      <height>16</height>
      <onup>702</onup>
      <ondown>26</ondown>
      <action>seek</action>
      <texturesliderbar>seekslider2.png</texturesliderbar>
      <textureslidernib>osd_slider_nibNF.png</textureslidernib>
      <textureslidernibfocus>osd_slider_nib.png</textureslidernibfocus>
      <animation effect="fade" time="200">VisibleChange</animation>
      <visible>![Window.IsVisible(SliderDialog) | Window.IsVisible(OSDVideoSettings) | Window.IsVisible(OSDAudioSettings) | Window.IsVisible(VideoBookmarks)]</visible>
    </control>
    <control type="group" id="100">
      <posx>325</posx>
      <posy>50r</posy>
      <animation effect="fade" time="200">VisibleChange</animation>
      <visible>![Window.IsVisible(SliderDialog) | Window.IsVisible(OSDVideoSettings) | Window.IsVisible(OSDAudioSettings) | Window.IsVisible(VideoBookmarks)]</visible>
      <control type="button" id="600">
        <posx>0</posx>
        <posy>0</posy>
        <width>45</width>
        <height>45</height>
        <label>210</label>
        <font>-</font>
        <texturefocus>OSDPrevTrackFO.png</texturefocus>
        <texturenofocus>OSDPrevTrackNF.png</texturenofocus>
        <onleft>705</onleft>
        <onright>601</onright>
        <onup>1000</onup>
        <ondown>1000</ondown>
        <onclick>PlayerControl(Previous)</onclick>
      </control>
      <control type="button" id="601">
        <posx>45</posx>
        <posy>0</posy>
        <width>45</width>
        <height>45</height>
        <label>31354</label>
        <font>-</font>
        <texturefocus>OSDRewindFO.png</texturefocus>
        <texturenofocus>OSDRewindNF.png</texturenofocus>
        <onleft>600</onleft>
        <onright>602</onright>
        <onup>1000</onup>
        <ondown>1000</ondown>
        <onclick>PlayerControl(Rewind)</onclick>
      </control>
      <control type="togglebutton" id="602">
        <posx>90</posx>
        <posy>0</posy>
        <width>45</width>
        <height>45</height>
        <label>31351</label>
        <altlabel>208</altlabel>
        <font>-</font>
        <texturefocus>OSDPauseFO.png</texturefocus>
        <texturenofocus>OSDPauseNF.png</texturenofocus>
        <usealttexture>Player.Paused | Player.Forwarding | Player.Rewinding</usealttexture>
        <alttexturefocus>OSDPlayFO.png</alttexturefocus>
        <alttexturenofocus>OSDPlayNF.png</alttexturenofocus>
        <onleft>601</onleft>
        <onright>603</onright>
        <onup>1000</onup>
        <ondown>1000</ondown>
        <onclick>PlayerControl(Play)</onclick>
      </control>
      <control type="button" id="603">
        <posx>135</posx>
        <posy>0</posy>
        <width>45</width>
        <height>45</height>
        <label>31352</label>
        <font>-</font>
        <texturefocus>OSDStopFO.png</texturefocus>
        <texturenofocus>OSDStopNF.png</texturenofocus>
        <onleft>602</onleft>
        <onright>604</onright>
        <onup>1000</onup>
        <ondown>1000</ondown>
        <onclick>PlayerControl(Stop)</onclick>
      </control>
      <control type="button" id="604">
        <posx>180</posx>
        <posy>0</posy>
        <width>45</width>
        <height>45</height>
        <label>31353</label>
        <font>-</font>
        <texturefocus>OSDForwardFO.png</texturefocus>
        <texturenofocus>OSDForwardNF.png</texturenofocus>
        <onleft>603</onleft>
        <onright>605</onright>
        <onup>1000</onup>
        <ondown>1000</ondown>
        <onclick>PlayerControl(Forward)</onclick>
      </control>
      <control type="button" id="605">
        <posx>225</posx>
        <posy>0</posy>
        <width>45</width>
        <height>45</height>
        <label>209</label>
        <font>-</font>
        <texturefocus>OSDNextTrackFO.png</texturefocus>
        <texturenofocus>OSDNextTrackNF.png</texturenofocus>
        <onleft>604</onleft>
        <onright>701</onright>
        <onup>1000</onup>
        <ondown>1000</ondown>
        <onclick>PlayerControl(Next)</onclick>
      </control>
    </control>
    <control type="group">
      <posx>250r</posx>
      <posy>50r</posy>
      <animation effect="fade" time="200">VisibleChange</animation>
      <visible>![Window.IsVisible(SliderDialog) | Window.IsVisible(OSDVideoSettings) | Window.IsVisible(OSDAudioSettings) | Window.IsVisible(VideoBookmarks)]</visible>
      <control type="togglebutton" id="701">
        <posx>0</posx>
        <posy>0</posy>
        <width>45</width>
        <height>45</height>
        <label>31356</label>
        <font>-</font>
        <texturefocus>OSDSubtitlesFO.png</texturefocus>
        <texturenofocus>OSDSubtitlesNF.png</texturenofocus>
        <alttexturefocus>OSDSubtitlesFO.png</alttexturefocus>
        <alttexturenofocus>OSDSubtitlesNF.png</alttexturenofocus>
        <onleft>605</onleft>
        <onright>702</onright>
        <onup>1000</onup>
        <ondown>1000</ondown>
        <onclick>Close</onclick>
        <onclick>XBMC.RunScript($INFO[Skin.String(SubtitleScript_Path)])</onclick>
        <altclick>Skin.SetAddon(SubtitleScript_Path,xbmc.python.subtitles)</altclick>
        <altclick>Close</altclick>
        <altclick>XBMC.RunScript($INFO[Skin.String(SubtitleScript_Path)])</altclick>
        <usealttexture>IsEmpty(Skin.String(SubtitleScript_Path))</usealttexture>
      </control>
      <control type="button" id="702">
        <posx>45</posx>
        <posy>0</posy>
        <width>45</width>
        <height>45</height>
        <label>13395</label>
        <font>-</font>
        <texturefocus>OSDVideoFO.png</texturefocus>
        <texturenofocus>OSDVideoNF.png</texturenofocus>
        <onleft>701</onleft>
        <onright>703</onright>
        <onup>1000</onup>
        <ondown>1000</ondown>
        <onclick>ActivateWindow(OSDVideoSettings)</onclick>
      </control>
      <control type="button" id="703">
        <posx>90</posx>
        <posy>0</posy>
        <width>45</width>
        <height>45</height>
        <label>13396</label>
        <font>-</font>
        <texturefocus>OSDAudioFO.png</texturefocus>
        <texturenofocus>OSDAudioNF.png</texturenofocus>
        <onleft>702</onleft>
        <onright>704</onright>
        <onup>1000</onup>
        <ondown>1000</ondown>
        <onclick>ActivateWindow(OSDAudioSettings)</onclick>
      </control>
      <control type="button" id="704">
        <posx>135</posx>
        <posy>0</posy>
        <width>45</width>
        <height>45</height>
        <label>31355</label>
        <font>-</font>
        <texturefocus>OSDBookmarksFO.png</texturefocus>
        <texturenofocus>OSDBookmarksNF.png</texturenofocus>
        <onleft>703</onleft>
        <onright>705</onright>
        <onup>1000</onup>
        <ondown>1000</ondown>
        <onclick>ActivateWindow(VideoBookmarks)</onclick>
      </control>
      <control type="button" id="705">
        <posx>180</posx>
        <posy>0</posy>
        <width>45</width>
        <height>45</height>
        <label>31355</label>
        <font>-</font>
        <texturefocus>OSDDvdFO.png</texturefocus>
        <texturenofocus>OSDDvdNF.png</texturenofocus>
        <onleft>704</onleft>
        <onright>600</onright>
        <onup>1000</onup>
        <ondown>1000</ondown>
        <onclick>PlayerControl(ShowVideoMenu)</onclick>
        <enable>VideoPlayer.HasMenu</enable>
        <animation effect="fade" start="100" end="50" time="100" condition="!VideoPlayer.HasMenu">Conditional</animation>
      </control>
    </control>
  </controls>
</window>