﻿<?xml version="1.0" encoding="utf-8"?>
<window>
  <defaultcontrol>111</defaultcontrol>
  <coordinates>
    <system>1</system>
    <posx>0</posx>
    <posy>0</posy>
  </coordinates>
  <type>window</type>
  <allowoverlay>no</allowoverlay>
  <controls>
    <!-- Background image and video file with an overlay -->
    <include>DefaultBackground</include>
    <control_off type="group">
      <control type="image">
        <description>bg image</description>
        <width>1280</width>
        <height>720</height>
        <texture>special://home/addons/plugin.script.ibuscommunicator/resources/skins/default/media/m5innen.jpg</texture>
        <visible>!Player.HasVideo + ![Skin.HasSetting(UseCustomBackground) + !IsEmpty(Skin.String(CustomBackgroundPath))]</visible>
        <aspectratio>scale</aspectratio>
      </control>
      <control type="image">
        <description>bg image</description>
        <width>1280</width>
        <height>720</height>
        <texture>$INFO[Skin.String(CustomBackgroundPath)]</texture>
        <visible>Skin.HasSetting(UseCustomBackground) + !IsEmpty(Skin.String(CustomBackgroundPath))</visible>
        <aspectratio>scale</aspectratio>
      </control>
      <control type="videowindow">
        <description>My first video control</description>
        <width>1280</width>
        <height>720</height>
        <visible>Player.HasVideo</visible>
      </control>
      <control type="image">
        <animation effect="fade" start="0" end="100" time="400" delay="0">WindowOpen</animation>
        <animation effect="fade" start="100" end="0" time="350" delay="100">WindowClose</animation>
        <width>1280</width>
        <height>720</height>
        <texture colordiffuse="AAFFFFFF">special://home/addons/plugin.script.ibuscommunicator/resources/skins/default/media/Panel4.png</texture>
        <visible_off>![Skin.HasSetting(UseCustomBackground) + !IsEmpty(Skin.String(CustomBackgroundPath))]</visible_off>
      </control>
      <control_off type="visualisation">
        <left>0</left>
        <top>0</top>
        <width>1280</width>
        <height>720</height>
        <visible>Player.HasAudio + !Skin.HasSetting(ShowBackgroundVis)</visible>
      </control_off>
    </control_off>
    <!--Loader Animation-->
    <control type="image">
      <centerleft>50%</centerleft>
      <centertop>50%</centertop>
      <width>170</width>
      <height>170</height>
      <aspectratio>keep</aspectratio>
      <visible>!String.IsEqual(Window(10000).Property(IBUSCOMMUNICATOR_OBC_LOADED),1)</visible>
      <texture colordiffuse="button_focus">spinner.png</texture>
      <animation effect="rotate" end="45" center="auto" time="1000" delay="0" loop="true" reversible="false" condition="true">Conditional</animation>
    </control>
    <control type="image">
      <centerleft>50%</centerleft>
      <centertop>50%</centertop>
      <width>256</width>
      <height>256</height>
      <visible>!String.IsEqual(Window(10000).Property(IBUSCOMMUNICATOR_OBC_LOADED),1)</visible>
      <texture colordiffuse="button_focus">spinner.png</texture>
      <animation effect="rotate" end="-45" center="auto" time="1200" delay="0" loop="true" reversible="false" condition="true">Conditional</animation>
      <aspectratio>keep</aspectratio>
    </control>
    <!--Top Bar-->
    <control type="group">
      <animation effect="slide" time="200" start="0,-120">Visible</animation>
      <animation effect="slide" time="200" end="0,-120" delay="500">WindowClose</animation>
      <visible>String.IsEqual(Window(10000).Property(IBUSCOMMUNICATOR_OBC_LOADED),1)</visible>
      <control type="image">
        <width>1280</width>
        <height>100</height>
        <texture colordiffuse="CCFFFFFF">dialogs/dialog-bg-nobo.png</texture>
        <visible>true</visible>
      </control>
      <control type="group">
        <posx>0</posx>
        <posy>0</posy>
        <visible>String.IsEqual(Window(10000).Property(IBUSCOMMUNICATOR_OBC_LOADED),1)</visible>
        <!--Center Label-->
        <control type="label" id="200">
          <posx>300</posx>
          <posy>30</posy>
          <width>700</width>
          <height>48</height>
          <font>WeatherTemp</font>
          <align>center</align>
          <aligny>center</aligny>
          <textcolor>FFEEEEFF</textcolor>
          <label></label>
        </control>
        <!--Left Right Buttons-->
        <control type="button" id="201">
          <posx>200</posx>
          <posy>30</posy>
          <width>48</width>
          <height>48</height>
          <visible>true</visible>
          <texturenofocus flipx="true">overlays/arrowright.png</texturenofocus>
          <texturefocus colordiffuse="button_focus" flipx="true">overlays/arrowright.png</texturefocus>
        </control>
        <control type="button" id="202">
          <posx>1050</posx>
          <posy>30</posy>
          <width>48</width>
          <height>48</height>
          <visible>true</visible>
          <texturenofocus>overlays/arrowright.png</texturenofocus>
          <texturefocus colordiffuse="button_focus">overlays/arrowright.png</texturefocus>
        </control>
      </control>
    </control>
    <!-- Bottom Bar-->
    <control type="group">
      <animation effect="slide" time="200" start="0,120">Visible</animation>
      <animation effect="slide" time="200" end="0,120" delay="500">WindowClose</animation>
      <visible>String.IsEqual(Window(10000).Property(IBUSCOMMUNICATOR_OBC_LOADED),1)</visible>
      <control type="image">
        <posy>665</posy>
        <width>1280</width>
        <height>90</height>
        <texture colordiffuse="CCFFFFFF" flipy="true">dialogs/dialog-bg-nobo.png</texture>
        <visible>true</visible>
      </control>
      <control type="label">
        <posy>50r</posy>
        <posx>20</posx>
        <width>1000</width>
        <height>50</height>
        <align>left</align>
        <font>font37</font>
        <textcolor>white</textcolor>
        <shadowcolor>black</shadowcolor>
        <label>[COLOR=grey]$INFO[System.Date][/COLOR] | $INFO[System.Time]</label>
      </control>
      <control type="label" id="210">
        <posx>470r</posx>
        <posy>50r</posy>
        <width>450</width>
        <font>font37</font>
        <align>left</align>
        <textcolor>FFEEEEFF</textcolor>
        <label>[COLOR=grey]$ADDON[plugin.script.ibuscommunicator 32075][/COLOR] | </label>
      </control>
      <control type="label" id="211">
        <posy>50r</posy>
        <posx>20r</posx>
        <width>200</width>
        <font>font37</font>
        <align>right</align>
        <textcolor>FFEEEEFF</textcolor>
        <label>$INFO[Window(10000).Property(IBUSCOMMUNICATOR_OBC_OUTTEMP)]</label>
      </control>
      <control_off type="visualisation">
        <left>540</left>
        <top>120r</top>
        <width>200</width>
        <height>200</height>
        <visible>Player.HasAudio + !Skin.HasSetting(ShowBackgroundVis)</visible>
      </control_off>
    </control>
    <!-- OBC Labels and Buttons -->
    <!--10X = Left Indicator-->
    <!--11X = Left Button-->
    <!--12X = Right Label-->
    <control type="group" id="100">
      <!--Animation for Modeswitch-->
      <animation effect="slide" start="0,0" end="-1280,0" time="500" delay="0" tween="cubic" easing="InOut" reversible="false" condition="String.IsEqual(Window(10000).Property(IBUSCOMMUNICATOR_OBC_SLIDE),left_out)">Conditional</animation>
      <animation effect="slide" start="-1280,0" end="0,0" time="500" delay="0" tween="cubic" easing="InOut" reversible="false" condition="String.IsEqual(Window(10000).Property(IBUSCOMMUNICATOR_OBC_SLIDE),left_in)">Conditional</animation>
      <animation effect="slide" start="0,0" end="1280,0" time="500" delay="0" tween="cubic" easing="InOut" reversible="false" condition="String.IsEqual(Window(10000).Property(IBUSCOMMUNICATOR_OBC_SLIDE),right_out)">Conditional</animation>
      <animation effect="slide" start="1280,0" end="0,0" time="500" delay="0" tween="cubic" easing="InOut" reversible="false" condition="String.IsEqual(Window(10000).Property(IBUSCOMMUNICATOR_OBC_SLIDE),right_in)">Conditional</animation>
      <!-- OBC Buttons -->
      <control type="group">
        <posx>-1020</posx>
        <posy>150</posy>
        <control type="group">
          <animation effect="slide" start="0,0" end="1200,0" time="200" delay="0" tween="sine" condition="String.IsEqual(Window(10000).Property(IBUSCOMMUNICATOR_OBC_LOADED),1)" reversible="false">Conditional</animation>
          <animation effect="fade" end="0" time="100" delay="0">WindowClose</animation>
          <control_off type="image">
            <posy>-50</posy>
            <width>950</width>
            <height>45</height>
            <visible>true</visible>
            <texture colordiffuse="button_focus">lists/focus.png</texture>
          </control_off>
          <control type="button" id="111">
            <posx>-30</posx>
            <posy>-5</posy>
            <width>980</width>
            <height>60</height>
            <texturefocus colordiffuse="button_focus">lists/focus.png</texturefocus>
            <texturenofocus>dialogs/dialog-bg-nobo.png_off</texturenofocus>
            <font>font45_title</font>
            <textcolor>FFEEEEFF</textcolor>
            <align>left</align>
            <textoffsetx>80</textoffsetx>
            <pulseonselect>true</pulseonselect>
            <onclick>-</onclick>
            <label>Verbrauch 1</label>
            <disabledcolor>grey</disabledcolor>
          </control>
          <control type="image" id="101">
            <posx>-20</posx>
            <posy>2</posy>
            <width>46</width>
            <height>46</height>
            <texture>limit-active-logo.png</texture>
            <visible>true</visible>
          </control>
        </control>
        <control type="group">
          <animation effect="slide" start="0,0" end="1200,0" time="200" delay="100" tween="sine" condition="String.IsEqual(Window(10000).Property(IBUSCOMMUNICATOR_OBC_LOADED),1)" reversible="false">Conditional</animation>
          <animation effect="fade" end="0" time="100" delay="50">WindowClose</animation>
          <control type="button" id="112">
            <posx>-30</posx>
            <posy>55</posy>
            <width>980</width>
            <height>60</height>
            <font>font45_title</font>
            <textcolor>FFEEEEFF</textcolor>
            <align>left</align>
            <textoffsetx>80</textoffsetx>
            <pulseonselect>true</pulseonselect>
            <label>Verbrauch 2</label>
            <disabledcolor>grey</disabledcolor>
            <texturefocus colordiffuse="button_focus">lists/focus.png</texturefocus>
            <texturenofocus>dialogs/dialog-bg-nobo.png_off</texturenofocus>
          </control>
          <control type="image" id="102">
            <posx>-20</posx>
            <posy>62</posy>
            <width>46</width>
            <height>46</height>
            <texture>limit-active-logo.png</texture>
            <visible>true</visible>
          </control>
        </control>
        <control type="group">
          <animation effect="slide" start="0,0" end="1200,0" time="200" delay="200" tween="sine" condition="String.IsEqual(Window(10000).Property(IBUSCOMMUNICATOR_OBC_LOADED),1)" reversible="false">Conditional</animation>
          <animation effect="fade" end="0" time="100" delay="100">WindowClose</animation>
          <control type="button" id="113">
            <posx>-30</posx>
            <posy>115</posy>
            <width>980</width>
            <height>60</height>
            <texturefocus colordiffuse="button_focus">lists/focus.png</texturefocus>
            <texturenofocus>dialogs/dialog-bg-nobo.png_off</texturenofocus>
            <font>font45_title</font>
            <textcolor>FFEEEEFF</textcolor>
            <align>left</align>
            <textoffsetx>80</textoffsetx>
            <pulseonselect>true</pulseonselect>
            <label>Reichweite</label>
            <disabledcolor>grey</disabledcolor>
          </control>
          <control type="image" id="103">
            <posx>-20</posx>
            <posy>122</posy>
            <width>46</width>
            <height>46</height>
            <texture>limit-active-logo.png</texture>
            <visible>true</visible>
          </control>
        </control>
        <control type="group">
          <animation effect="slide" start="0,0" end="1200,0" time="200" delay="300" tween="sine" condition="String.IsEqual(Window(10000).Property(IBUSCOMMUNICATOR_OBC_LOADED),1)" reversible="false">Conditional</animation>
          <animation effect="fade" end="0" time="100" delay="150">WindowClose</animation>
          <control type="button" id="114">
            <posx>-30</posx>
            <posy>175</posy>
            <width>980</width>
            <height>60</height>
            <texturefocus colordiffuse="button_focus">lists/focus.png</texturefocus>
            <texturenofocus>dialogs/dialog-bg-nobo.png_off</texturenofocus>
            <font>font45_title</font>
            <textcolor>FFEEEEFF</textcolor>
            <align>left</align>
            <textoffsetx>80</textoffsetx>
            <pulseonselect>true</pulseonselect>
            <onclick_off>ActivateWindow(1153)</onclick_off>
            <label>Distanz</label>
            <disabledcolor>grey</disabledcolor>
          </control>
          <control type="image" id="104">
            <posx>-20</posx>
            <posy>182</posy>
            <width>46</width>
            <height>46</height>
            <texture>limit-active-logo.png</texture>
            <visible>true</visible>
          </control>
        </control>
        <control type="group">
          <animation effect="slide" start="0,0" end="1200,0" time="200" delay="400" tween="sine" condition="String.IsEqual(Window(10000).Property(IBUSCOMMUNICATOR_OBC_LOADED),1)" reversible="false">Conditional</animation>
          <animation effect="fade" end="0" time="100" delay="200">WindowClose</animation>
          <control type="button" id="115">
            <posx>-30</posx>
            <posy>235</posy>
            <width>980</width>
            <height>60</height>
            <texturefocus colordiffuse="button_focus">lists/focus.png</texturefocus>
            <texturenofocus>dialogs/dialog-bg-nobo.png_off</texturenofocus>
            <font>font45_title</font>
            <textcolor>FFEEEEFF</textcolor>
            <align>left</align>
            <textoffsetx>80</textoffsetx>
            <pulseonselect>true</pulseonselect>
            <label>Ankunft</label>
            <disabledcolor>grey</disabledcolor>
          </control>
          <control type="image" id="105">
            <posx>-20</posx>
            <posy>242</posy>
            <width>46</width>
            <height>46</height>
            <texture>limit-active-logo.png</texture>
            <visible>true</visible>
          </control>
        </control>
        <control type="group">
          <animation effect="slide" start="0,0" end="1200,0" time="200" delay="500" tween="sine" condition="String.IsEqual(Window(10000).Property(IBUSCOMMUNICATOR_OBC_LOADED),1)" reversible="false">Conditional</animation>
          <animation effect="fade" end="0" time="100" delay="250">WindowClose</animation>
          <control type="button" id="116">
            <posx>-30</posx>
            <posy>295</posy>
            <width>980</width>
            <height>60</height>
            <texturefocus colordiffuse="button_focus">lists/focus.png</texturefocus>
            <texturenofocus>dialogs/dialog-bg-nobo.png_off</texturenofocus>
            <font>font45_title</font>
            <textcolor>FFEEEEFF</textcolor>
            <align>left</align>
            <textoffsetx>80</textoffsetx>
            <pulseonselect>true</pulseonselect>
            <label>Drehzahl</label>
            <disabledcolor>grey</disabledcolor>
          </control>
          <control type="image" id="106">
            <posx>-20</posx>
            <posy>302</posy>
            <width>46</width>
            <height>46</height>
            <texture>limit-active-logo.png</texture>
            <visible>true</visible>
          </control>
        </control>
        <control type="group">
          <animation effect="slide" start="0,0" end="1200,0" time="200" delay="600" tween="sine" condition="String.IsEqual(Window(10000).Property(IBUSCOMMUNICATOR_OBC_LOADED),1)" reversible="false">Conditional</animation>
          <animation effect="fade" end="0" time="100" delay="300">WindowClose</animation>
          <control type="button" id="117">
            <posx>-30</posx>
            <posy>355</posy>
            <width>980</width>
            <height>60</height>
            <texturefocus colordiffuse="button_focus">lists/focus.png</texturefocus>
            <texturenofocus>dialogs/dialog-bg-nobo.png_off</texturenofocus>
            <font>font45_title</font>
            <textcolor>FFEEEEFF</textcolor>
            <align>left</align>
            <textoffsetx>80</textoffsetx>
            <pulseonselect>true</pulseonselect>
            <onclick_off>Skin.ToggleSetting(IBUSCOMMUNICATOR_OBC_LIMIT)</onclick_off>
            <label>Akt. Geschwindigkeit</label>
            <disabledcolor>grey</disabledcolor>
          </control>
          <control type="image" id="107">
            <posx>-20</posx>
            <posy>362</posy>
            <width>46</width>
            <height>46</height>
            <texture>limit-active-logo.png</texture>
            <visible>true</visible>
          </control>
        </control>
        <control type="group">
          <animation effect="slide" start="0,0" end="1200,0" time="200" delay="700" tween="sine" condition="String.IsEqual(Window(10000).Property(IBUSCOMMUNICATOR_OBC_LOADED),1)" reversible="false">Conditional</animation>
          <animation effect="fade" end="0" time="100" delay="300">WindowClose</animation>
          <control type="button" id="118">
            <posx>-30</posx>
            <posy>415</posy>
            <width>980</width>
            <height>60</height>
            <texturefocus colordiffuse="button_focus">lists/focus.png</texturefocus>
            <texturenofocus>dialogs/dialog-bg-nobo.png_off</texturenofocus>
            <font>font45_title</font>
            <textcolor>FFEEEEFF</textcolor>
            <align>left</align>
            <textoffsetx>80</textoffsetx>
            <pulseonselect>true</pulseonselect>
            <onclick_off>Skin.ToggleSetting(IBUSCOMMUNICATOR_OBC_MEMO)</onclick_off>
            <label>Kühlwassertemperatur</label>
            <disabledcolor>grey</disabledcolor>
          </control>
          <control type="image" id="108">
            <posx>-20</posx>
            <posy>422</posy>
            <width>46</width>
            <height>46</height>
            <texture>limit-active-logo.png</texture>
            <visible>true</visible>
          </control>
        </control>
      </control>
      <!-- OBC Labels  -->
      <control type="group">
        <posx>1560</posx>
        <posy>150</posy>
        <control type="label" id="121">
          <posy>-5</posy>
          <width>500</width>
          <height>60</height>
          <font>font45_title</font>
          <align>right</align>
          <aligny>center</aligny>
          <textcolor>FFEEEEFF</textcolor>
          <disabledcolor>FFEEEEFF</disabledcolor>
          <label>$INFO[Window(10000).Property(IBUSCOMMUNICATOR_OBC_CONS1)]</label>
          <animation effect="slide" start="0,0" end="-1000,0" time="200" delay="0" tween="sine" condition="String.IsEqual(Window(10000).Property(IBUSCOMMUNICATOR_OBC_LOADED),1)" reversible="false">Conditional</animation>
          <animation effect="fade" end="0" time="100" delay="0">WindowClose</animation>
        </control>
        <control type="label" id="122">
          <posy>55</posy>
          <width>500</width>
          <height>60</height>
          <font>font45_title</font>
          <align>right</align>
          <aligny>center</aligny>
          <textcolor>FFEEEEFF</textcolor>
          <disabledcolor>FFEEEEFF</disabledcolor>
          <label>$INFO[Window(10000).Property(IBUSCOMMUNICATOR_OBC_CONS2)]</label>
          <animation effect="slide" start="0,0" end="-1000,0" time="200" delay="100" tween="sine" condition="String.IsEqual(Window(10000).Property(IBUSCOMMUNICATOR_OBC_LOADED),1)" reversible="false">Conditional</animation>
          <animation effect="fade" end="0" time="100" delay="50">WindowClose</animation>
        </control>
        <control type="label" id="123">
          <posy>115</posy>
          <width>500</width>
          <height>60</height>
          <font>font45_title</font>
          <align>right</align>
          <aligny>center</aligny>
          <textcolor>FFEEEEFF</textcolor>
          <disabledcolor>FFEEEEFF</disabledcolor>
          <label>$INFO[Window(10000).Property(IBUSCOMMUNICATOR_OBC_RANGE)]</label>
          <animation effect="slide" start="0,0" end="-1000,0" time="200" delay="200" tween="sine" condition="String.IsEqual(Window(10000).Property(IBUSCOMMUNICATOR_OBC_LOADED),1)" reversible="false">Conditional</animation>
          <animation effect="fade" end="0" time="100" delay="100">WindowClose</animation>
        </control>
        <control type="label" id="124">
          <posy>175</posy>
          <width>500</width>
          <height>60</height>
          <font>font45_title</font>
          <align>right</align>
          <aligny>center</aligny>
          <textcolor>FFEEEEFF</textcolor>
          <disabledcolor>FFEEEEFF</disabledcolor>
          <label>$INFO[Window(10000).Property(IBUSCOMMUNICATOR_OBC_DIST)]</label>
          <animation effect="slide" start="0,0" end="-1000,0" time="200" delay="300" tween="sine" condition="String.IsEqual(Window(10000).Property(IBUSCOMMUNICATOR_OBC_LOADED),1)" reversible="false">Conditional</animation>
          <animation effect="fade" end="0" time="100" delay="150">WindowClose</animation>
        </control>
        <control type="label" id="125">
          <posy>235</posy>
          <width>500</width>
          <height>60</height>
          <font>font45_title</font>
          <align>right</align>
          <aligny>center</aligny>
          <textcolor>FFEEEEFF</textcolor>
          <disabledcolor>FFEEEEFF</disabledcolor>
          <label>$INFO[Window(10000).Property(IBUSCOMMUNICATOR_OBC_ARRIV)]</label>
          <animation effect="slide" start="0,0" end="-1000,0" time="200" delay="400" tween="sine" condition="String.IsEqual(Window(10000).Property(IBUSCOMMUNICATOR_OBC_LOADED),1)" reversible="false">Conditional</animation>
          <animation effect="fade" end="0" time="100" delay="200">WindowClose</animation>
        </control>
        <control type="label" id="126">
          <posy>295</posy>
          <width>500</width>
          <height>60</height>
          <font>font45_title</font>
          <align>right</align>
          <aligny>center</aligny>
          <textcolor>FFEEEEFF</textcolor>
          <disabledcolor>FFEEEEFF</disabledcolor>
          <label>$INFO[Window(10000).Property(IBUSCOMMUNICATOR_OBC_RPM)]</label>
          <animation effect="fade" end="0" time="100" delay="250">WindowClose</animation>
          <animation effect="slide" start="0,0" end="-1000,0" time="200" delay="500" tween="sine" condition="String.IsEqual(Window(10000).Property(IBUSCOMMUNICATOR_OBC_LOADED),1)" reversible="false">Conditional</animation>
        </control>
        <control type="label" id="127">
          <posy>355</posy>
          <width>500</width>
          <height>60</height>
          <font>font45_title</font>
          <align>right</align>
          <aligny>center</aligny>
          <textcolor>FFEEEEFF</textcolor>
          <disabledcolor>FFEEEEFF</disabledcolor>
          <label>$INFO[Window(10000).Property(IBUSCOMMUNICATOR_OBC_SPEED_KMH)]</label>
          <animation effect="slide" start="0,0" end="-1000,0" time="200" delay="600" tween="sine" condition="String.IsEqual(Window(10000).Property(IBUSCOMMUNICATOR_OBC_LOADED),1)" reversible="false">Conditional</animation>
          <animation effect="fade" end="0" time="100" delay="300">WindowClose</animation>
        </control>
        <control type="label" id="128">
          <posy>415</posy>
          <width>500</width>
          <height>60</height>
          <font>font45_title</font>
          <align>right</align>
          <aligny>center</aligny>
          <textcolor>FFEEEEFF</textcolor>
          <disabledcolor>FFEEEEFF</disabledcolor>
          <label>$INFO[Window(10000).Property(IBUSCOMMUNICATOR_OBC_COOLANTTEMP)]</label>
          <animation effect="slide" start="0,0" end="-1000,0" time="200" delay="700" tween="sine" condition="String.IsEqual(Window(10000).Property(IBUSCOMMUNICATOR_OBC_LOADED),1)" reversible="false">Conditional</animation>
          <animation effect="fade" end="0" time="100" delay="350">WindowClose</animation>
        </control>
      </control>
    </control>
    <!--Gauges-->
    <control type="group">
      <animation effect="slide" start="0,0" end="-1280,0" time="400" delay="0" tween="cubic" easing="InOut" reversible="false" condition="String.IsEqual(Window(10000).Property(IBUSCOMMUNICATOR_OBC_GAUGES),1)">Conditional</animation>
      <animation effect="slide" start="0,0" end="-1280,0" time="0" delay="0" tween="cubic" easing="InOut" reversible="false" condition="String.IsEqual(Window(10000).Property(IBUSCOMMUNICATOR_OBC_GAUGES),2)">Conditional</animation>
      <animation effect="slide" start="-1280,0" end="0,0" time="400" delay="0" tween="cubic" easing="InOut" reversible="false" condition="![String.IsEqual(Window(10000).Property(IBUSCOMMUNICATOR_OBC_GAUGES),2) | String.IsEqual(Window(10000).Property(IBUSCOMMUNICATOR_OBC_GAUGES),1)]">Conditional</animation>
      <posx>1280</posx>
      <posy>0</posy>
      <!--Left Gauge-->
      <control type="group">
        <animation effect="fade" start="0" end="100" time="300" delay="200">WindowOpen</animation>
        <animation effect="fade" end="0" time="200" delay="150">WindowClose</animation>
        <control type="image" id="223">
          <posx>25</posx>
          <posy>210</posy>
          <width>450</width>
          <height>450</height>
          <texture_off>special://home/addons/plugin.script.ibuscommunicator/resources/skins/default/media/gauges/IBusOBCSPEED_KMH_bg.png</texture_off>
        </control>
        <control type="image" id="203">
          <posx>25</posx>
          <posy>210</posy>
          <width>450</width>
          <height>450</height>
          <texture>special://home/addons/plugin.script.ibuscommunicator/resources/skins/default/media/gauges/grad/IBusOBCGAUGE_pin_045.png</texture>
        </control>
        <control type="image">
          <posx>25</posx>
          <posy>210</posy>
          <width>450</width>
          <height>450</height>
          <texture>special://home/addons/plugin.script.ibuscommunicator/resources/skins/default/media/gauges/IBusOBCGAUGE_knob.png</texture>
        </control>
        <control type="label" id="213">
          <posx>25</posx>
          <posy>555</posy>
          <width>450</width>
          <height>100</height>
          <font>font_clock</font>
          <align>center</align>
          <textcolor>FFEEEEFF</textcolor>
          <label></label>
          <label_off>$NUMBER[8888]</label_off>
        </control>
      </control>
      <!--Mid Gauge-->
      <control type="group">
        <animation effect="fade" start="0" end="100" time="300" delay="700">WindowOpen</animation>
        <animation effect="fade" end="0" time="200" delay="0">WindowClose</animation>
        <control type="image" id="224">
          <posx>470</posx>
          <posy>110</posy>
          <width>340</width>
          <height>340</height>
          <texture_off>special://home/addons/plugin.script.ibuscommunicator/resources/skins/default/media/gauges/IBusCOLTEMP_C_bg.png</texture_off>
        </control>
        <control type="image" id="204">
          <posx>470</posx>
          <posy>110</posy>
          <width>340</width>
          <height>340</height>
          <texture>special://home/addons/plugin.script.ibuscommunicator/resources/skins/default/media/gauges/grad/IBusOBCGAUGE_pin_101.png</texture>
        </control>
        <control type="image">
          <posx>470</posx>
          <posy>110</posy>
          <width>340</width>
          <height>340</height>
          <texture>special://home/addons/plugin.script.ibuscommunicator/resources/skins/default/media/gauges/IBusOBCGAUGE_knob.png</texture>
        </control>
        <control type="label" id="214">
          <posx>470</posx>
          <posy>365</posy>
          <width>340</width>
          <height>60</height>
          <font>font_clock</font>
          <align>center</align>
          <textcolor>FFEEEEFF</textcolor>
          <label></label>
        </control>
      </control>
      <!--Right Gauge-->
      <control type="group">
        <animation effect="fade" start="0" end="100" time="300" delay="200">WindowOpen</animation>
        <animation effect="fade" end="0" time="200" delay="150">WindowClose</animation>
        <control type="image" id="225">
          <posx>805</posx>
          <posy>210</posy>
          <width>450</width>
          <height>450</height>
          <texture_off>special://home/addons/plugin.script.ibuscommunicator/resources/skins/default/media/gauges/IBusOBCRPM_P_bg.png</texture_off>
        </control>
        <control type="image" id="205">
          <posx>805</posx>
          <posy>210</posy>
          <width>450</width>
          <height>450</height>
          <texture>special://home/addons/plugin.script.ibuscommunicator/resources/skins/default/media/gauges/grad/IBusOBCGAUGE_pin_040.png</texture>
        </control>
        <control type="image">
          <posx>805</posx>
          <posy>210</posy>
          <width>450</width>
          <height>450</height>
          <texture>special://home/addons/plugin.script.ibuscommunicator/resources/skins/default/media/gauges/IBusOBCGAUGE_knob.png</texture>
        </control>
        <control type="label" id="215">
          <posx>805</posx>
          <posy>555</posy>
          <width>450</width>
          <height>100</height>
          <font>font_clock</font>
          <align>center</align>
          <textcolor>FFEEEEFF</textcolor>
          <label></label>
        </control>
      </control>
      <!--M-LOGO-->
      <control type="group">
        <animation effect="fade" start="0" end="100" time="300" delay="500">WindowOpen</animation>
        <animation effect="fade" end="0" time="300" delay="300">WindowClose</animation>
        <control type="image">
          <posx>450</posx>
          <posy>520</posy>
          <width>350</width>
          <height>110</height>
          <aspectratio>stretch</aspectratio>
          <texture>special://home/addons/plugin.script.ibuscommunicator/resources/skins/default/media/M_LOGO.png</texture>
        </control>
      </control>
    </control>
  </controls>
</window>