﻿<?xml version="1.0" encoding="utf-8"?>
<window>
  <defaultcontrol>111</defaultcontrol>
  <coordinates>
    <system>1</system>
    <posx>0</posx>
    <posy>0</posy>
  </coordinates>
  <type>window</type>
  <allowoverlay>no</allowoverlay>
  <controls>
    <!-- Background image and video file with an overlay -->
    <control type="group">
      <include>CommonBackground</include>
      <control_off type="image">
        <description>bg image</description>
        <width>1280</width>
        <height>720</height>
        <texture>ibuscommunicator_background.jpg</texture>
        <visible>!Player.HasVideo</visible>
      </control_off>
      <control_off type="image">
        <description>bg image</description>
        <width>1280</width>
        <height>720</height>
        <texture>special://home/addons/plugin.script.ibuscommunicator/resources/skins/default/media/m5innen.jpg</texture>
        <visible>!Player.HasVideo</visible>
      </control_off>
      <control_off type="videowindow">
        <description>My first video control</description>
        <width>1280</width>
        <height>720</height>
        <visible>Player.HasVideo</visible>
      </control_off>
      <control type="image">
        <width>1280</width>
        <height>720</height>
        <texture colordiffuse="CCFFFFFF">special://home/addons/plugin.script.ibuscommunicator/resources/skins/default/media/Panel4.png</texture>
        <visible>Player.HasVideo</visible>
      </control>
    </control>
    <!--TopBar-->
    <control type="group">
      <include>Window_OpenClose_Animation_Slide_Down</include>
      <!--Background-->
      <control type="image">
        <posx>0</posx>
        <posy>0</posy>
        <width>ScreenWidth</width>
        <height>77</height>
        <texture flipy="true">ibuscommunicator_bottombar.png</texture>
      </control>
      <control type="image">
        <posx>0</posx>
        <posy>77</posy>
        <width>ScreenWidth</width>
        <height>3</height>
        <texture colordiffuse="$VAR[HBOutlineColor]">ibuscommunicator_1px_white.png</texture>
      </control>
      <!--Home Button-->
      <control type="group">
        <control type="image">
          <description>Home Button Background</description>
          <posx>0</posx>
          <posy>0</posy>
          <width>75</width>
          <height>75</height>
          <texture border="5" colordiffuse="$VAR[CustomColorNofocus]">ibuscommunicator_floor_button_t.png</texture>
          <visible>!Control.HasFocus(1101)</visible>
        </control>
        <control type="image">
          <description>Home Button Background</description>
          <posx>0</posx>
          <posy>0</posy>
          <width>75</width>
          <height>75</height>
          <texture border="5" colordiffuse="$VAR[CustomColorFocus]">ibuscommunicator_floor_button_t.png</texture>
          <visible>Control.HasFocus(1101)</visible>
        </control>
        <control type="button" id="1101">
          <description>Home Button Icon</description>
          <posx>-2</posx>
          <posy>-2</posy>
          <width>80</width>
          <height>80</height>
          <font>-</font>
          <texturenofocus>ibuscommunicator_icon_home.png</texturenofocus>
          <texturefocus colordiffuse="$VAR[CustomColorFocus]">ibuscommunicator_icon_home.png</texturefocus>
          <onclick>ActivateWindow(Home)</onclick>
        </control>
      </control>
      <control type="group">
        <visible>StringCompare(Window(10000).Property(IBUSCOMMUNICATOR_OBC_LOADED),1)</visible>
        <!--Center Label-->
        <control type="label" id="200">
          <posx>300</posx>
          <posy>5</posy>
          <width>700</width>
          <font>font50_title</font>
          <align>center</align>
          <textcolor>$VAR[CustomColorHomebuttons]</textcolor>
          <label></label>
        </control>
        <!--Left Right Buttons-->
        <control type="button" id="201">
          <posy>13</posy>
          <posx>200</posx>
          <width>55</width>
          <height>55</height>
          <visible>true</visible>
          <texturenofocus colordiffuse="$VAR[CustomColorNofocus]">ibuscommunicator_icon_prev.png</texturenofocus>
          <texturefocus colordiffuse="$VAR[CustomColorFocus]">ibuscommunicator_icon_prev.png</texturefocus>
        </control>
        <control type="button" id="202">
          <posy>13</posy>
          <posx>1043</posx>
          <width>55</width>
          <height>55</height>
          <visible>true</visible>
          <texturenofocus flipx="true" colordiffuse="$VAR[CustomColorNofocus]">ibuscommunicator_icon_prev.png</texturenofocus>
          <texturefocus flipx="true" colordiffuse="$VAR[CustomColorFocus]">ibuscommunicator_icon_prev.png</texturefocus>
        </control>
      </control>
    </control>
    <!--BottomBar-->
    <control type="group">
      <include>Window_OpenClose_Animation_Slide_Up</include>
      <!--Background-->
      <control type="image">
        <posx>0</posx>
        <posy>630</posy>
        <width>ScreenWidth</width>
        <height>90</height>
        <texture>ibuscommunicator_bottombar.png</texture>
      </control>
      <control type="image">
        <posx>0</posx>
        <posy>627</posy>
        <width>ScreenWidth</width>
        <height>3</height>
        <texture colordiffuse="$VAR[HBOutlineColor]">ibuscommunicator_1px_white.png</texture>
      </control>
      <!--Back Button-->
      <control type="group">
        <posx>86r</posx>
        <posy>86r</posy>
        <control type="image">
          <description>Back Button Image</description>
          <posx>0</posx>
          <posy>0</posy>
          <width>82</width>
          <height>82</height>
          <visible>!Control.HasFocus(1102)</visible>
          <texture border="5" colordiffuse="$VAR[CustomColorNofocus]">ibuscommunicator_floor_button_t.png</texture>
        </control>
        <control type="image">
          <description>Back Button Image</description>
          <posx>0</posx>
          <posy>0</posy>
          <width>82</width>
          <height>82</height>
          <visible>Control.HasFocus(1102)</visible>
          <texture border="5" colordiffuse="$VAR[CustomColorFocus]">ibuscommunicator_floor_button_t.png</texture>
        </control>
        <control type="button" id="1102">
          <description>Back Button</description>
          <posx>8</posx>
          <posy>8</posy>
          <width>64</width>
          <height>64</height>
          <font>-</font>
          <texturenofocus colordiffuse="$VAR[CustomColorNofocus]">ibuscommunicator_icon_back_w.png</texturenofocus>
          <texturefocus colordiffuse="$VAR[CustomColorFocus]">ibuscommunicator_icon_back_w.png</texturefocus>
          <onclick>Back</onclick>
        </control>
      </control>
      <!-- Bottom Info Line -->
      <!--Line 1-->
      <control type="group">
        <control type="label">
          <posx>20</posx>
          <posy>95r</posy>
          <width>1000</width>
          <height>50</height>
          <align>left</align>
          <font>button24_title</font>
          <textcolor>$VAR[CustomColorNofocus]</textcolor>
          <shadowcolor>black</shadowcolor>
          <label>$INFO[System.Date] | $INFO[System.Time]</label>
        </control>
        <control type="label" id="210">
          <posx>550r</posx>
          <posy>95r</posy>
          <width>450</width>
          <font>button24_title</font>
          <align>left</align>
          <textcolor>$VAR[CustomColorNofocus]</textcolor>
          <label>Aussentemperatur | </label>
        </control>
        <control type="label" id="211">
          <posx>106r</posx>
          <posy>95r</posy>
          <width>200</width>
          <font>button24_title</font>
          <align>right</align>
          <textcolor>$VAR[CustomColorNofocus]</textcolor>
          <label>$INFO[Window(10000).Property(IBUSCOMMUNICATOR_OBC_OUTTEMP)]</label>
        </control>
      </control>
      <!--Line 2-->
      <control type="group">
        <control type="label">
          <posx>20</posx>
          <posy>50r</posy>
          <width>1000</width>
          <height>50</height>
          <align>left</align>
          <font>button24_title</font>
          <textcolor>$VAR[CustomColorNofocus]</textcolor>
          <shadowcolor>black</shadowcolor>
          <label></label>
        </control>
        <control type="label" id="220">
          <posx>550r</posx>
          <posy>50r</posy>
          <width>450</width>
          <font>button24_title</font>
          <align>left</align>
          <textcolor>$VAR[CustomColorNofocus]</textcolor>
          <label></label>
        </control>
        <control type="label" id="221">
          <posx>106r</posx>
          <posy>50r</posy>
          <width>200</width>
          <font>button24_title</font>
          <align>right</align>
          <textcolor>$VAR[CustomColorNofocus]</textcolor>
          <label></label>
        </control>
      </control>
    </control>
    <!--Loader Animation-->
    <control type="image">
      <posx>512</posx>
      <posy>232</posy>
      <width>256</width>
      <height>256</height>
      <visible>!StringCompare(Window(10000).Property(IBUSCOMMUNICATOR_OBC_LOADED),1)</visible>
      <texture colordiffuse="$VAR[HBOutlineColor]">special://home/addons/plugin.script.ibuscommunicator/resources/skins/default/media/preload.gif</texture>
    </control>
    <!-- OBC Labels and Buttons -->
    <!--10X = Left Indicator-->
    <!--11X = Left Button-->
    <!--12X = Right Label-->
    <control type="group" id="100">
      <!--Animation for Modeswitch-->
      <animation effect="slide" start="0,0" end="-1280,0" time="500" delay="0" tween="cubic" easing="InOut" reversible="false" condition="StringCompare(Window(10000).Property(IBUSCOMMUNICATOR_OBC_SLIDE),left_out)">Conditional</animation>
      <animation effect="slide" start="-1280,0" end="0,0" time="500" delay="0" tween="cubic" easing="InOut" reversible="false" condition="StringCompare(Window(10000).Property(IBUSCOMMUNICATOR_OBC_SLIDE),left_in)">Conditional</animation>
      <animation effect="slide" start="0,0" end="1280,0" time="500" delay="0" tween="cubic" easing="InOut" reversible="false" condition="StringCompare(Window(10000).Property(IBUSCOMMUNICATOR_OBC_SLIDE),right_out)">Conditional</animation>
      <animation effect="slide" start="1280,0" end="0,0" time="500" delay="0" tween="cubic" easing="InOut" reversible="false" condition="StringCompare(Window(10000).Property(IBUSCOMMUNICATOR_OBC_SLIDE),right_in)">Conditional</animation>
      <!-- OBC Buttons -->
      <control type="group">
        <posx>-1100</posx>
        <posy>120</posy>
        <visible>!StringCompare(Window(10000).Property(IBUSCOMMUNICATOR_OBC_GAUGES),1)</visible>
        <control type="group">
          <animation effect="slide" start="0,0" end="1000,0" time="200" delay="0" tween="sine" condition="StringCompare(Window(10000).Property(IBUSCOMMUNICATOR_OBC_LOADED),1)" reversible="false">Conditional</animation>
          <animation effect="fade" end="0" time="100" delay="0">WindowClose</animation>
          <control type="button" id="111">
            <posy>0</posy>
            <width>950</width>
            <height>50</height>
            <texturefocus>MenuItemFO.png</texturefocus>
            <texturenofocus>MenuItemNF.png</texturenofocus>
            <font>font35_title</font>
            <textcolor>$VAR[CustomColorNofocus]</textcolor>
            <focusedcolor>$VAR[CustomColorFocus]</focusedcolor>
            <disabledcolor>$VAR[CustomColorNofocus]</disabledcolor>
            <align>left</align>
            <textoffsetx>50</textoffsetx>
            <pulseonselect>true</pulseonselect>
            <onclick>-</onclick>
            <label>Verbrauch 1</label>
          </control>
          <control type="image" id="101">
            <posx>270</posx>
            <posy>5</posy>
            <width>40</width>
            <height>40</height>
            <texture>limit-active-logo.png</texture>
            <visible>true</visible>
          </control>
        </control>
        <control type="group">
          <animation effect="slide" start="0,0" end="1000,0" time="200" delay="100" tween="sine" condition="StringCompare(Window(10000).Property(IBUSCOMMUNICATOR_OBC_LOADED),1)" reversible="false">Conditional</animation>
          <animation effect="fade" end="0" time="100" delay="50">WindowClose</animation>
          <control type="button" id="112">
            <posy>60</posy>
            <width>950</width>
            <height>50</height>
            <texturefocus>MenuItemFO.png</texturefocus>
            <texturenofocus>MenuItemNF.png</texturenofocus>
            <font>font35_title</font>
            <textcolor>$VAR[CustomColorNofocus]</textcolor>
            <focusedcolor>$VAR[CustomColorFocus]</focusedcolor>
            <disabledcolor>$VAR[CustomColorNofocus]</disabledcolor>
            <align>left</align>
            <textoffsetx>50</textoffsetx>
            <pulseonselect>true</pulseonselect>
            <label>Verbrauch 2</label>
          </control>
          <control type="image" id="102">
            <posx>270</posx>
            <posy>65</posy>
            <width>40</width>
            <height>40</height>
            <texture>limit-active-logo.png</texture>
            <visible>true</visible>
          </control>
        </control>
        <control type="group">
          <animation effect="slide" start="0,0" end="1000,0" time="200" delay="200" tween="sine" condition="StringCompare(Window(10000).Property(IBUSCOMMUNICATOR_OBC_LOADED),1)" reversible="false">Conditional</animation>
          <animation effect="fade" end="0" time="100" delay="100">WindowClose</animation>
          <control type="button" id="113">
            <posy>120</posy>
            <width>950</width>
            <height>50</height>
            <texturefocus>MenuItemFO.png</texturefocus>
            <texturenofocus>MenuItemNF.png</texturenofocus>
            <font>font35_title</font>
            <textcolor>$VAR[CustomColorNofocus]</textcolor>
            <focusedcolor>$VAR[CustomColorFocus]</focusedcolor>
            <disabledcolor>$VAR[CustomColorNofocus]</disabledcolor>
            <align>left</align>
            <textoffsetx>50</textoffsetx>
            <pulseonselect>true</pulseonselect>
            <label>Reichweite</label>
          </control>
          <control type="image" id="103">
            <posx>270</posx>
            <posy>125</posy>
            <width>40</width>
            <height>40</height>
            <texture>limit-active-logo.png</texture>
            <visible>true</visible>
          </control>
        </control>
        <control type="group">
          <animation effect="slide" start="0,0" end="1000,0" time="200" delay="300" tween="sine" condition="StringCompare(Window(10000).Property(IBUSCOMMUNICATOR_OBC_LOADED),1)" reversible="false">Conditional</animation>
          <animation effect="fade" end="0" time="100" delay="150">WindowClose</animation>
          <control type="button" id="114">
            <posy>180</posy>
            <width>950</width>
            <height>50</height>
            <texturefocus>MenuItemFO.png</texturefocus>
            <texturenofocus>MenuItemNF.png</texturenofocus>
            <font>font35_title</font>
            <textcolor>$VAR[CustomColorNofocus]</textcolor>
            <focusedcolor>$VAR[CustomColorFocus]</focusedcolor>
            <disabledcolor>$VAR[CustomColorNofocus]</disabledcolor>
            <align>left</align>
            <textoffsetx>50</textoffsetx>
            <pulseonselect>true</pulseonselect>
            <onclick_off>ActivateWindow(1153)</onclick_off>
            <label>Distanz</label>
          </control>
          <control type="image" id="104">
            <posx>270</posx>
            <posy>185</posy>
            <width>40</width>
            <height>40</height>
            <texture>limit-active-logo.png</texture>
            <visible>true</visible>
          </control>
        </control>
        <control type="group">
          <animation effect="slide" start="0,0" end="1000,0" time="200" delay="400" tween="sine" condition="StringCompare(Window(10000).Property(IBUSCOMMUNICATOR_OBC_LOADED),1)" reversible="false">Conditional</animation>
          <animation effect="fade" end="0" time="100" delay="200">WindowClose</animation>
          <control type="button" id="115">
            <posy>240</posy>
            <width>950</width>
            <height>50</height>
            <texturefocus>MenuItemFO.png</texturefocus>
            <texturenofocus>MenuItemNF.png</texturenofocus>
            <font>font35_title</font>
            <textcolor>$VAR[CustomColorNofocus]</textcolor>
            <focusedcolor>$VAR[CustomColorFocus]</focusedcolor>
            <disabledcolor>$VAR[CustomColorNofocus]</disabledcolor>
            <align>left</align>
            <textoffsetx>50</textoffsetx>
            <pulseonselect>true</pulseonselect>
            <label>Ankunft</label>
          </control>
          <control type="image" id="105">
            <posx>270</posx>
            <posy>245</posy>
            <width>40</width>
            <height>40</height>
            <texture>limit-active-logo.png</texture>
            <visible>true</visible>
          </control>
        </control>
        <control type="group">
          <animation effect="slide" start="0,0" end="1000,0" time="200" delay="500" tween="sine" condition="StringCompare(Window(10000).Property(IBUSCOMMUNICATOR_OBC_LOADED),1)" reversible="false">Conditional</animation>
          <animation effect="fade" end="0" time="100" delay="250">WindowClose</animation>
          <control type="button" id="116">
            <posy>300</posy>
            <width>950</width>
            <height>50</height>
            <texturefocus>MenuItemFO.png</texturefocus>
            <texturenofocus>MenuItemNF.png</texturenofocus>
            <font>font35_title</font>
            <textcolor>$VAR[CustomColorNofocus]</textcolor>
            <focusedcolor>$VAR[CustomColorFocus]</focusedcolor>
            <disabledcolor>$VAR[CustomColorNofocus]</disabledcolor>
            <align>left</align>
            <textoffsetx>50</textoffsetx>
            <pulseonselect>true</pulseonselect>
            <label>Drehzahl</label>
          </control>
          <control type="image" id="106">
            <posx>270</posx>
            <posy>305</posy>
            <width>40</width>
            <height>40</height>
            <texture>limit-active-logo.png</texture>
            <visible>true</visible>
          </control>
        </control>
        <control type="group">
          <animation effect="slide" start="0,0" end="1000,0" time="200" delay="600" tween="sine" condition="StringCompare(Window(10000).Property(IBUSCOMMUNICATOR_OBC_LOADED),1)" reversible="false">Conditional</animation>
          <animation effect="fade" end="0" time="100" delay="300">WindowClose</animation>
          <control type="button" id="117">
            <posy>360</posy>
            <width>950</width>
            <height>50</height>
            <texturefocus>MenuItemFO.png</texturefocus>
            <texturenofocus>MenuItemNF.png</texturenofocus>
            <font>font35_title</font>
            <textcolor>$VAR[CustomColorNofocus]</textcolor>
            <focusedcolor>$VAR[CustomColorFocus]</focusedcolor>
            <disabledcolor>$VAR[CustomColorNofocus]</disabledcolor>
            <align>left</align>
            <textoffsetx>50</textoffsetx>
            <pulseonselect>true</pulseonselect>
            <onclick_off>Skin.ToggleSetting(IBUSCOMMUNICATOR_OBC_LIMIT)</onclick_off>
            <label>Akt. Geschwindigkeit</label>
          </control>
          <control type="image" id="107">
            <posx>270</posx>
            <posy>365</posy>
            <width>40</width>
            <height>40</height>
            <texture>limit-active-logo.png</texture>
            <visible>true</visible>
          </control>
        </control>
        <control type="group">
          <animation effect="slide" start="0,0" end="1000,0" time="200" delay="700" tween="sine" condition="StringCompare(Window(10000).Property(IBUSCOMMUNICATOR_OBC_LOADED),1)" reversible="false">Conditional</animation>
          <animation effect="fade" end="0" time="100" delay="300">WindowClose</animation>
          <control type="button" id="118">
            <posy>420</posy>
            <width>950</width>
            <height>50</height>
            <texturefocus>MenuItemFO.png</texturefocus>
            <texturenofocus>MenuItemNF.png</texturenofocus>
            <font>font35_title</font>
            <textcolor>$VAR[CustomColorNofocus]</textcolor>
            <focusedcolor>$VAR[CustomColorFocus]</focusedcolor>
            <disabledcolor>$VAR[CustomColorNofocus]</disabledcolor>
            <align>left</align>
            <textoffsetx>50</textoffsetx>
            <pulseonselect>true</pulseonselect>
            <onclick_off>Skin.ToggleSetting(IBUSCOMMUNICATOR_OBC_MEMO)</onclick_off>
            <label>Kühlwassertemperatur</label>
          </control>
          <control type="image" id="108">
            <posx>270</posx>
            <posy>425</posy>
            <width>40</width>
            <height>40</height>
            <texture>limit-active-logo.png</texture>
            <visible>true</visible>
          </control>
        </control>
      </control>
      <!-- OBC Labels  -->
      <control type="group">
        <posx>1910</posx>
        <posy>117</posy>
        <visible>!StringCompare(Window(10000).Property(IBUSCOMMUNICATOR_OBC_GAUGES),1)</visible>
        <control type="label" id="121">
          <animation effect="slide" start="0,0" end="-1000,0" time="200" delay="0" tween="sine" condition="StringCompare(Window(10000).Property(IBUSCOMMUNICATOR_OBC_LOADED),1)" reversible="false">Conditional</animation>
          <animation effect="fade" end="0" time="100" delay="0">WindowClose</animation>
          <posy>0</posy>
          <width>400</width>
          <height>50</height>
          <font>font35_title</font>
          <align>right</align>
          <textcolor>$VAR[CustomColorNofocus]</textcolor>
          <disabledcolor>$VAR[CustomColorNofocus]</disabledcolor>
          <label>$INFO[Window(10000).Property(IBUSCOMMUNICATOR_OBC_CONS1)]</label>
        </control>
        <control type="label" id="122">
          <animation effect="slide" start="0,0" end="-1000,0" time="200" delay="100" tween="sine" condition="StringCompare(Window(10000).Property(IBUSCOMMUNICATOR_OBC_LOADED),1)" reversible="false">Conditional</animation>
          <animation effect="fade" end="0" time="100" delay="50">WindowClose</animation>
          <posy>60</posy>
          <width>400</width>
          <height>50</height>
          <font>font35_title</font>
          <align>right</align>
          <textcolor>$VAR[CustomColorNofocus]</textcolor>
          <disabledcolor>$VAR[CustomColorNofocus]</disabledcolor>
          <label>$INFO[Window(10000).Property(IBUSCOMMUNICATOR_OBC_CONS2)]</label>
        </control>
        <control type="label" id="123">
          <animation effect="slide" start="0,0" end="-1000,0" time="200" delay="200" tween="sine" condition="StringCompare(Window(10000).Property(IBUSCOMMUNICATOR_OBC_LOADED),1)" reversible="false">Conditional</animation>
          <animation effect="fade" end="0" time="100" delay="100">WindowClose</animation>
          <posy>120</posy>
          <width>400</width>
          <height>50</height>
          <font>font35_title</font>
          <align>right</align>
          <textcolor>$VAR[CustomColorNofocus]</textcolor>
          <disabledcolor>$VAR[CustomColorNofocus]</disabledcolor>
          <label>$INFO[Window(10000).Property(IBUSCOMMUNICATOR_OBC_RANGE)]</label>
        </control>
        <control type="label" id="124">
          <animation effect="slide" start="0,0" end="-1000,0" time="200" delay="300" tween="sine" condition="StringCompare(Window(10000).Property(IBUSCOMMUNICATOR_OBC_LOADED),1)" reversible="false">Conditional</animation>
          <animation effect="fade" end="0" time="100" delay="150">WindowClose</animation>
          <posy>180</posy>
          <width>400</width>
          <height>50</height>
          <font>font35_title</font>
          <align>right</align>
          <textcolor>$VAR[CustomColorNofocus]</textcolor>
          <disabledcolor>$VAR[CustomColorNofocus]</disabledcolor>
          <label>$INFO[Window(10000).Property(IBUSCOMMUNICATOR_OBC_DIST)]</label>
        </control>
        <control type="label" id="125">
          <animation effect="slide" start="0,0" end="-1000,0" time="200" delay="400" tween="sine" condition="StringCompare(Window(10000).Property(IBUSCOMMUNICATOR_OBC_LOADED),1)" reversible="false">Conditional</animation>
          <animation effect="fade" end="0" time="100" delay="200">WindowClose</animation>
          <posy>240</posy>
          <width>400</width>
          <height>50</height>
          <font>font35_title</font>
          <align>right</align>
          <textcolor>$VAR[CustomColorNofocus]</textcolor>
          <disabledcolor>$VAR[CustomColorNofocus]</disabledcolor>
          <label>$INFO[Window(10000).Property(IBUSCOMMUNICATOR_OBC_ARRIV)]</label>
        </control>
        <control type="label" id="126">
          <animation effect="slide" start="0,0" end="-1000,0" time="200" delay="500" tween="sine" condition="StringCompare(Window(10000).Property(IBUSCOMMUNICATOR_OBC_LOADED),1)" reversible="false">Conditional</animation>
          <animation effect="fade" end="0" time="100" delay="250">WindowClose</animation>
          <posy>300</posy>
          <width>400</width>
          <height>50</height>
          <font>font35_title</font>
          <align>right</align>
          <textcolor>$VAR[CustomColorNofocus]</textcolor>
          <disabledcolor>$VAR[CustomColorNofocus]</disabledcolor>
          <label>$INFO[Window(10000).Property(IBUSCOMMUNICATOR_OBC_RPM)]</label>
        </control>
        <control type="label" id="127">
          <animation effect="slide" start="0,0" end="-1000,0" time="200" delay="600" tween="sine" condition="StringCompare(Window(10000).Property(IBUSCOMMUNICATOR_OBC_LOADED),1)" reversible="false">Conditional</animation>
          <animation effect="fade" end="0" time="100" delay="300">WindowClose</animation>
          <posy>360</posy>
          <width>400</width>
          <height>50</height>
          <font>font35_title</font>
          <align>right</align>
          <textcolor>$VAR[CustomColorNofocus]</textcolor>
          <disabledcolor>$VAR[CustomColorNofocus]</disabledcolor>
          <label>$INFO[Window(10000).Property(IBUSCOMMUNICATOR_OBC_SPEED_KMH)]</label>
        </control>
        <control type="label" id="128">
          <animation effect="slide" start="0,0" end="-1000,0" time="200" delay="700" tween="sine" condition="StringCompare(Window(10000).Property(IBUSCOMMUNICATOR_OBC_LOADED),1)" reversible="false">Conditional</animation>
          <animation effect="fade" end="0" time="100" delay="350">WindowClose</animation>
          <posy>420</posy>
          <width>400</width>
          <height>50</height>
          <font>font35_title</font>
          <align>right</align>
          <textcolor>$VAR[CustomColorNofocus]</textcolor>
          <disabledcolor>$VAR[CustomColorNofocus]</disabledcolor>
          <label>$INFO[Window(10000).Property(IBUSCOMMUNICATOR_OBC_COOLANTTEMP)]</label>
        </control>
      </control>
    </control>
    <!--Gauges-->
    <control type="group">
      <animation effect="slide" start="0,0" end="-1280,0" time="400" delay="0" tween="cubic" easing="InOut" reversible="false" condition="StringCompare(Window(10000).Property(IBUSCOMMUNICATOR_OBC_GAUGES),1)">Conditional</animation>
      <animation effect="slide" start="0,0" end="-1280,0" time="0" delay="0" tween="cubic" easing="InOut" reversible="false" condition="StringCompare(Window(10000).Property(IBUSCOMMUNICATOR_OBC_GAUGES),2)">Conditional</animation>
      <animation effect="slide" start="-1280,0" end="0,0" time="400" delay="0" tween="cubic" easing="InOut" reversible="false" condition="![StringCompare(Window(10000).Property(IBUSCOMMUNICATOR_OBC_GAUGES),2) | StringCompare(Window(10000).Property(IBUSCOMMUNICATOR_OBC_GAUGES),1)]">Conditional</animation>
      <posx>1280</posx>
      <posy>0</posy>
      <!--Left Gauge-->
      <control type="group">
        <posy>-40</posy>
        <animation effect="fade" start="0" end="100" time="300" delay="800">WindowOpen</animation>
        <animation effect="fade" end="0" time="200" delay="150">WindowClose</animation>
        <control type="image">
          <posx>25</posx>
          <posy>210</posy>
          <width>450</width>
          <height>450</height>
          <texture>special://home/addons/plugin.script.ibuscommunicator/resources/skins/default/media/gauges/IBusOBCSPEED_KMH_bg.png</texture>
        </control>
        <control type="image" id="203">
          <posx>25</posx>
          <posy>210</posy>
          <width>450</width>
          <height>450</height>
          <texture>special://home/addons/plugin.script.ibuscommunicator/resources/skins/default/media/gauges/grad/IBusOBCGAUGE_pin_045.png</texture>
        </control>
        <control type="image">
          <posx>25</posx>
          <posy>210</posy>
          <width>450</width>
          <height>450</height>
          <texture>special://home/addons/plugin.script.ibuscommunicator/resources/skins/default/media/gauges/IBusOBCGAUGE_knob.png</texture>
        </control>
        <control type="label" id="213">
          <posx>25</posx>
          <posy>560</posy>
          <width>450</width>
          <height>100</height>
          <font>font50_title</font>
          <align>center</align>
          <textcolor>FFEEEEFF</textcolor>
          <label>$NUMBER[8888]</label>
        </control>
      </control>
      <!--Mid Gauge-->
      <control type="group">
        <posy>-20</posy>
        <animation effect="fade" start="0" end="100" time="300" delay="800">WindowOpen</animation>
        <animation effect="fade" end="0" time="200" delay="0">WindowClose</animation>
        <control type="image">
          <posx>470</posx>
          <posy>110</posy>
          <width>340</width>
          <height>340</height>
          <texture>special://home/addons/plugin.script.ibuscommunicator/resources/skins/default/media/gauges/IBusCOLTEMP_C_bg.png</texture>
        </control>
        <control type="image" id="204">
          <posx>470</posx>
          <posy>110</posy>
          <width>340</width>
          <height>340</height>
          <texture>special://home/addons/plugin.script.ibuscommunicator/resources/skins/default/media/gauges/grad/IBusOBCGAUGE_pin_101.png</texture>
        </control>
        <control type="image">
          <posx>470</posx>
          <posy>110</posy>
          <width>340</width>
          <height>340</height>
          <texture>special://home/addons/plugin.script.ibuscommunicator/resources/skins/default/media/gauges/IBusOBCGAUGE_knob.png</texture>
        </control>
        <control type="label" id="214">
          <posx>470</posx>
          <posy>365</posy>
          <width>340</width>
          <height>60</height>
          <font>font50_title</font>
          <align>center</align>
          <textcolor>FFEEEEFF</textcolor>
          <label>$NUMBER[8888]</label>
        </control>
      </control>
      <!--Right Gauge-->
      <control type="group">
        <posy>-40</posy>
        <animation effect="fade" start="0" end="100" time="300" delay="800">WindowOpen</animation>
        <animation effect="fade" end="0" time="200" delay="150">WindowClose</animation>
        <control type="image">
          <posx>805</posx>
          <posy>210</posy>
          <width>450</width>
          <height>450</height>
          <texture>special://home/addons/plugin.script.ibuscommunicator/resources/skins/default/media/gauges/IBusOBCRPM_P_bg.png</texture>
        </control>
        <control type="image" id="205">
          <posx>805</posx>
          <posy>210</posy>
          <width>450</width>
          <height>450</height>
          <texture>special://home/addons/plugin.script.ibuscommunicator/resources/skins/default/media/gauges/grad/IBusOBCGAUGE_pin_040.png</texture>
        </control>
        <control type="image">
          <posx>805</posx>
          <posy>210</posy>
          <width>450</width>
          <height>450</height>
          <texture>special://home/addons/plugin.script.ibuscommunicator/resources/skins/default/media/gauges/IBusOBCGAUGE_knob.png</texture>
        </control>
        <control type="label" id="215">
          <posx>805</posx>
          <posy>560</posy>
          <width>450</width>
          <height>100</height>
          <font>font50_title</font>
          <align>center</align>
          <textcolor>FFEEEEFF</textcolor>
          <label>$NUMBER[8888]</label>
        </control>
      </control>
      <!--M-LOGO-->
      <control type="group">
        <animation type="WindowOpen">
          <effect type="fade" start="0" end="100" time="400" delay="200" />
          <effect type="zoom" start="300" end="100" center="640,650" time="300" delay="500" />
        </animation>
        <animation type="WindowClose">
          <effect type="fade" delay="300" end="0" time="300" />
          <effect type="zoom" end="250" center="640,620" time="300" delay="200" />
        </animation>
        <control type="image">
          <posx>450</posx>
          <posy>495</posy>
          <width>350</width>
          <height>110</height>
          <aspectratio>stretch</aspectratio>
          <texture>special://home/addons/plugin.script.ibuscommunicator/resources/skins/default/media/M_LOGO.png</texture>
        </control>
      </control>
    </control>
  </controls>
</window>