﻿<?xml version="1.0" encoding="utf-8"?>
<window id="113" type="dialog">
  <defaultcontrol>1</defaultcontrol>
  <visible>Player.Muted + !Window.IsActive(home)</visible>
  <controls>
    <control type="group">
      <posx>90r</posx>
      <posy>0</posy>
      <control type="image">
        <posx>35</posx>
        <posy>0</posy>
        <width>55</width>
        <height>55</height>
        <aspectratio>keep</aspectratio>
        <texture>icon-mute.png</texture>
      </control>
    </control>
  </controls>
</window>