﻿<?xml version="1.0" encoding="utf-8"?>
<window>
  <defaultcontrol always="true">9000</defaultcontrol>
  <onunload condition="Container(9000).Hasfocus(10) | Container(9000).Hasfocus(11) | ControlGroup(9010).HasFocus | ControlGroup(9016).HasFocus | ControlGroup(9017).HasFocus">SetProperty(VideosDirectLink,True)</onunload>
  <onunload condition="ControlGroup(9011).HasFocus">SetProperty(MusicDirectLink,True)</onunload>
  <onunload condition="Control.HasFocus(9000) + Container(9000).Hasfocus(2)">ClearProperty(VideosDirectLink)</onunload>
  <onunload condition="Control.HasFocus(9000) + Container(9000).Hasfocus(3)">ClearProperty(MusicDirectLink)</onunload>
  <controls>
    <control type="list" id="90160">
      <left>-10</left>
      <top>-10</top>
      <width>1</width>
      <height>1</height>
      <viewtype label="535">list</viewtype>
      <itemlayout height="1" width="1"></itemlayout>
      <focusedlayout height="1" width="1"></focusedlayout>
      <content target="video" limit="7">library://video/movies/</content>
      <visible>Library.HasContent(Movies)</visible>
    </control>
    <control type="list" id="90170">
      <left>-10</left>
      <top>-10</top>
      <width>1</width>
      <height>1</height>
      <viewtype label="535">list</viewtype>
      <itemlayout height="1" width="1"></itemlayout>
      <focusedlayout height="1" width="1"></focusedlayout>
      <content target="video" limit="7">library://video/tvshows/</content>
      <visible>Library.HasContent(TVShows)</visible>
    </control>
    <control type="list" id="90110">
      <left>-10</left>
      <top>-10</top>
      <width>1</width>
      <height>1</height>
      <viewtype label="535">list</viewtype>
      <itemlayout height="1" width="1"></itemlayout>
      <focusedlayout height="1" width="1"></focusedlayout>
      <content target="music" limit="6">library://music/</content>
      <visible>Library.HasContent(Music)</visible>
    </control>
    <include>CommonBackground</include>
    <!--Floor-->
    <control type="image">
      <depth>DepthFloor</depth>
      <left>-20</left>
      <top></top>
      <bottom>0</bottom>
      <width>1320</width>
      <height>50</height>
      <texture>floor.png</texture>
      <animation effect="rotatex" end="45" time="0" center="670,0" condition="true">Conditional</animation>
      <animation effect="slide" time="200" condition="Window.Previous(Home)">WindowOpen</animation>
      <animation effect="slide" time="200" condition="Window.Next(Home)">WindowClose</animation>
    </control>
    <!--HORIZONTAL-->
    <include condition="Skin.HasSetting(MainMenuHorizontal)">MainMenuHorizontal</include>
    <!--VERTICAL-->
    <include condition="!Skin.HasSetting(MainMenuHorizontal)">MainMenuVertical</include>
    <!--H/V ENDE-->
    <!--Weather / Ousidetemp / Clock / Date / Repeat-->
    <control type="group">
      <depth>DepthHeader</depth>
      <!--Weather-->
      <control_off type="group">
        <left>20</left>
        <top>0</top>
        <visible>Skin.HasSetting(homepageWeatherinfo) + !String.IsEmpty(Weather.Plugin)</visible>
        <include>Window_OpenClose_Animation</include>
        <control type="image">
          <description>Weather image</description>
          <left>0</left>
          <top>0</top>
          <width>60</width>
          <height>60</height>
          <aspectratio>keep</aspectratio>
          <texture>$INFO[Weather.Conditions]</texture>
        </control>
        <control type="label">
          <description>Location label</description>
          <left>65</left>
          <top>5</top>
          <width>500</width>
          <height>15</height>
          <align>left</align>
          <aligny>center</aligny>
          <font>font10</font>
          <textcolor>white</textcolor>
          <shadowcolor>black</shadowcolor>
          <label>$INFO[Window(Weather).Property(Location)]</label>
        </control>
        <control type="grouplist">
          <left>65</left>
          <top>20</top>
          <width>1000</width>
          <height>30</height>
          <orientation>horizontal</orientation>
          <align>left</align>
          <itemgap>0</itemgap>
          <control type="label">
            <description>Temp label</description>
            <width min="0" max="300">auto</width>
            <height>30</height>
            <align>left</align>
            <aligny>center</aligny>
            <font>font28_title</font>
            <textcolor>white</textcolor>
            <shadowcolor>black</shadowcolor>
            <label>[B]$INFO[Window(Weather).Property(Current.Temperature)][/B]</label>
          </control>
          <control type="label">
            <description>Temp Units</description>
            <width min="0" max="100">auto</width>
            <height>22</height>
            <font>font10</font>
            <aligny>center</aligny>
            <label>$INFO[System.TemperatureUnits]</label>
            <textcolor>white</textcolor>
            <shadowcolor>black</shadowcolor>
            <visible>!String.IsEmpty(Window(Weather).Property(Current.Temperature))</visible>
          </control>
          <control type="label">
            <description>Conditions Label</description>
            <width>500</width>
            <height>22</height>
            <font>font10</font>
            <aligny>center</aligny>
            <label>$INFO[Window(Weather).Property(Current.Condition),  ]</label>
            <textcolor>grey2</textcolor>
            <shadowcolor>black</shadowcolor>
          </control>
        </control>
      </control_off>
      <control type="group">
        <left>5</left>
        <top>5</top>
        <visible>Skin.HasSetting(homepageWeatherinfo) + !String.IsEmpty(Weather.Plugin)</visible>
        <include>Window_OpenClose_Animation</include>
        <animation effect="zoom" start="160" end="160" time="0" condition="true">Conditional</animation>
        <control_off type="image">
          <description>Weather image</description>
          <left>-40</left>
          <top>-5</top>
          <width>350</width>
          <height>70</height>
          <texture>bmw/header.png</texture>
          <visible>Skin.HasSetting(MainMenuHorizontal)</visible>
        </control_off>
        <control type="image">
          <description>Weather image</description>
          <left>0</left>
          <top>0</top>
          <width>60</width>
          <height>60</height>
          <aspectratio>keep</aspectratio>
          <texture>$INFO[Weather.Conditions]</texture>
        </control>
        <control type="label">
          <description>Location label</description>
          <left>65</left>
          <top>5</top>
          <width>500</width>
          <height>15</height>
          <align>left</align>
          <aligny>center</aligny>
          <font>font10</font>
          <textcolor>white</textcolor>
          <shadowcolor>black</shadowcolor>
          <label>$INFO[Window(Weather).Property(Location)]</label>
        </control>
        <control type="grouplist">
          <left>65</left>
          <top>20</top>
          <width>1000</width>
          <height>30</height>
          <orientation>horizontal</orientation>
          <align>left</align>
          <itemgap>0</itemgap>
          <control type="label">
            <description>Temp label</description>
            <width min="0" max="345">auto</width>
            <height>30</height>
            <align>left</align>
            <aligny>center</aligny>
            <font>font28_title</font>
            <textcolor>white</textcolor>
            <shadowcolor>black</shadowcolor>
            <label>[B]$INFO[Window(Weather).Property(Current.Temperature)][/B]</label>
          </control>
          <control type="label">
            <description>Temp Units</description>
            <width min="0" max="100">auto</width>
            <height>22</height>
            <font>font10</font>
            <aligny>center</aligny>
            <label>$INFO[System.TemperatureUnits]</label>
            <textcolor>white</textcolor>
            <shadowcolor>black</shadowcolor>
            <visible>!String.IsEmpty(Window(Weather).Property(Current.Temperature))</visible>
          </control>
          <control type="label">
            <description>Conditions Label</description>
            <width>500</width>
            <height>22</height>
            <font>font10</font>
            <aligny>center</aligny>
            <label>$INFO[Window(Weather).Property(Current.Condition),  ]</label>
            <textcolor>grey2</textcolor>
            <shadowcolor>black</shadowcolor>
          </control>
        </control>
      </control>
      <!--OUTSIDETEMP-->
      <control type="group">
        <visible>!IsEmpty(Window(10000).Property(IBUSCOMMUNICATOR_OBC_OUTTEMP))</visible>
        <animation effect="slide" start="0,0" end="-90,0" delay="0" time="300" condition="Player.Muted">conditional</animation>
        <animation effect="slide" start="490,0" end="0,0" delay="0" time="200">VisibleChange</animation>
        <animation effect="slide" start="0,0" end="460,0" delay="0" time="400">WindowClose</animation>
        <animation effect="slide" start="460,0" end="0,0" delay="0" time="400">WindowOpen</animation>
        <control type="image">
          <description>temp background</description>
          <posx>465r</posx>
          <posy>0</posy>
          <width>260</width>
          <height>60</height>
          <texture flipx="true" border="32,0,0,0">bmw/header.png</texture>
        </control>
        <control type="label">
          <description>temp label</description>
          <posx>450r</posx>
          <posy>0</posy>
          <width>190</width>
          <height>55</height>
          <align>center</align>
          <aligny>center</aligny>
          <font>font38_title</font>
          <textcolor>$VAR[TextColor1]</textcolor>
          <shadowcolor>black</shadowcolor>
          <label>$INFO[Window(10000).Property(IBUSCOMMUNICATOR_OBC_OUTTEMP)]</label>
        </control>
      </control>
      <!--Clock-->
      <include_off>Clock</include_off>
      <control type="group">
        <posx>210r</posx>
        <posy>60</posy>
        <animation effect="slide" start="0,0" end="300,0" delay="0" time="300" condition="Window.Next(Home) | Window.IsActive(Home) + ![Window.IsVisible(MovieInformation) | Window.IsVisible(MusicInformation)]">WindowClose</animation>
        <animation effect="slide" start="300,0" end="0,0" delay="0" time="300" condition="Window.Previous(Home) | Window.IsVisible(Home) + ![Window.IsVisible(MovieInformation) | Window.IsVisible(MusicInformation)]">WindowOpen</animation>
        <control type="image">
          <animation effect="slide" start="0,0" end="-70,0" delay="0" time="300" condition="!IsEmpty(System.Time(xx))">conditional</animation>
          <description>time background</description>
          <posx>160r</posx>
          <posy>0</posy>
          <width>260</width>
          <height>60</height>
          <texture flipx="true" border="32,0,0,0">bmw/header.png</texture>
        </control>
        <control type="label">
          <description>time label</description>
          <posx>5r</posx>
          <posy>0</posy>
          <width>200</width>
          <height>55</height>
          <align>right</align>
          <aligny>center</aligny>
          <font>font38_title</font>
          <textcolor>$VAR[TextColor1]</textcolor>
          <shadowcolor>black</shadowcolor>
          <label>$INFO[System.Time]</label>
        </control>
      </control>
      <!--Date-->
      <control_off type="label">
        <description>Date label</description>
        <right>20</right>
        <top>35</top>
        <width>300</width>
        <height>15</height>
        <align>right</align>
        <aligny>center</aligny>
        <font>font10</font>
        <textcolor>white</textcolor>
        <shadowcolor>black</shadowcolor>
        <label>$INFO[System.Date]</label>
        <include>Window_OpenClose_Animation</include>
        <animation effect="slide" start="0,0" end="-40,0" time="75" condition="Player.Muted">conditional</animation>
      </control_off>
      <control type="group">
        <posx>430r</posx>
        <posy>0</posy>
        <animation effect="slide" start="0,0" end="-90,0" delay="0" time="300" condition="Player.Muted">conditional</animation>
        <animation effect="slide" start="0,0" end="500,0" delay="0" time="300">WindowClose</animation>
        <animation effect="slide" start="500,0" end="0,0" delay="0" time="300">WindowOpen</animation>
        <control type="image">
          <description>date background</description>
          <posx>150</posx>
          <posy>0</posy>
          <width>620</width>
          <height>60</height>
          <texture flipx="true" flipy="false" border="32,0,0,0">bmw/header.png</texture>
        </control>
        <control type="label">
          <description>date label normal font</description>
          <posx>5r</posx>
          <posy>0</posy>
          <width>500</width>
          <height>55</height>
          <align>right</align>
          <aligny>center</aligny>
          <font>font38_title</font>
          <textcolor>$VAR[TextColor1]</textcolor>
          <shadowcolor>black</shadowcolor>
          <label>$INFO[System.Date(dd.mm.yyyy)]</label>
        </control>
      </control>
      <!--Repeat-->
      <control type="group">
        <posx>1180</posx>
        <posy>120</posy>
        <visible>Playlist.IsRepeatOne | Playlist.IsRepeat</visible>
        <animation effect="slide" start="0,0" end="110,0" time="200">WindowClose</animation>
        <animation effect="slide" start="110,0" end="0,0" time="400">WindowOpen</animation>
        <animation effect="slide" start="110,0" end="0,0" time="400">VisibleChange</animation>
        <control type="group">
          <control type="image">
            <description>repeat background</description>
            <posx>0</posx>
            <posy>0</posy>
            <width>100</width>
            <height>60</height>
            <texture flipx="true" border="32,0,0,0">bmw/header.png</texture>
          </control>
          <control type="image">
            <posx>30</posx>
            <posy>-2</posy>
            <width>60</width>
            <height>60</height>
            <texture>OSDRepeatAllNF.png</texture>
            <visible>!Playlist.IsRepeatOne</visible>
          </control>
          <control type="image">
            <posx>30</posx>
            <posy>-2</posy>
            <width>60</width>
            <height>60</height>
            <texture>OSDRepeatOneNF.png</texture>
            <visible>Playlist.IsRepeatOne</visible>
          </control>
        </control>
      </control>
    </control>
    <!--Mute-->
    <control type="group">
      <posx>90r</posx>
      <posy>0</posy>
      <visible>Player.Muted</visible>
      <animation effect="slide" end="100,0" time="300">Hidden</animation>
      <animation effect="slide" end="100,0" time="300" condition="Player.Muted">WindowClose</animation>
      <animation effect="slide" start="100,0" time="300">Visible</animation>
      <animation effect="slide" start="100,0" time="300" condition="Player.Muted">WindowOpen</animation>
      <control type="image">
        <posx>0</posx>
        <posy>0</posy>
        <width>100</width>
        <height>60</height>
        <texture flipx="true" border="32,0,0,0">bmw/header.png</texture>
      </control>
      <control type="image">
        <posx>25</posx>
        <posy>0</posy>
        <width>62</width>
        <height>62</height>
        <aspectratio>keep</aspectratio>
        <texture>icon-mute.png</texture>
      </control>
    </control>
  </controls>
</window>