﻿<?xml version="1.0" encoding="utf-8"?>
<fonts>
  <!--OLD Default Roboto-->
  <fontset_ORG_DEFAULT id="Default" idloc="31390">
    <!-- Normal Fonts -->
    <font>
      <name>font10</name>
      <filename>Roboto-Regular.ttf</filename>
      <size>14</size>
    </font>
    <font>
      <name>font12</name>
      <filename>Roboto-Regular.ttf</filename>
      <size>17</size>
    </font>
    <font>
      <name>font13</name>
      <filename>Roboto-Regular.ttf</filename>
      <size>20</size>
    </font>
    <font>
      <name>font14</name>
      <filename>Roboto-Regular.ttf</filename>
      <size>22</size>
    </font>
    <font>
      <name>font16</name>
      <filename>Roboto-Regular.ttf</filename>
      <size>25</size>
    </font>
    <font>
      <name>font30</name>
      <filename>Roboto-Regular.ttf</filename>
      <size>30</size>
    </font>
    <font>
      <name>fontContextMenu</name>
      <filename>Roboto-Regular.ttf</filename>
      <size>18</size>
    </font>
    <!-- Title Fonts -->
    <font>
      <name>font10_title</name>
      <filename>Roboto-Bold.ttf</filename>
      <size>12</size>
    </font>
    <font>
      <name>font12_title</name>
      <filename>Roboto-Bold.ttf</filename>
      <size>17</size>
    </font>
    <font>
      <name>font13_title</name>
      <filename>Roboto-Bold.ttf</filename>
      <size>20</size>
    </font>
    <font>
      <name>font24_title</name>
      <filename>Roboto-Bold.ttf</filename>
      <size>24</size>
    </font>
    <font>
      <name>font28_title</name>
      <filename>Roboto-Bold.ttf</filename>
      <size>28</size>
    </font>
    <font>
      <name>font30_title</name>
      <filename>Roboto-Bold.ttf</filename>
      <size>30</size>
    </font>
    <font>
      <name>font35_title</name>
      <filename>Roboto-Bold.ttf</filename>
      <size>35</size>
    </font>
    <font>
      <name>font_MainMenu</name>
      <filename>Roboto-Bold.ttf</filename>
      <size>40</size>
    </font>
    <font>
      <name>WeatherTemp</name>
      <filename>Roboto-Bold.ttf</filename>
      <size>80</size>
    </font>
  </fontset_ORG_DEFAULT>
  <!--NEW Default with DejaVuSans-->
  <fontset id="Default" unicode="31390">
    <!-- Normal Fonts -->
    <font>
      <name>font10</name>
      <filename>DejaVuSans.ttf</filename>
      <size>12</size>
    </font>
    <font>
      <name>font12</name>
      <filename>DejaVuSans.ttf</filename>
      <size>16</size>
    </font>
    <font>
      <name>font12caps</name>
      <filename>DefaultCaps.ttf</filename>
      <size>16</size>
    </font>
    <font>
      <name>font13</name>
      <filename>DejaVuSans.ttf</filename>
      <size>20</size>
    </font>
    <font>
      <name>font13caps</name>
      <filename>DefaultCaps.ttf</filename>
      <size>20</size>
    </font>
    <font>
      <name>font16caps</name>
      <filename>DefaultCaps.ttf</filename>
      <size>25</size>
    </font>
    <font>
      <name>font30</name>
      <filename>DejaVuSans.ttf</filename>
      <size>30</size>
    </font>
    <font>
      <name>font_MainMenu</name>
      <filename>DejaVuSans-Bold.ttf</filename>
      <size>40</size>
    </font>
    <font>
      <name>fontContextMenu</name>
      <filename>DejaVuSans.ttf</filename>
      <size>18</size>
    </font>
    <!-- Title Fonts -->
    <font>
      <name>font10_title</name>
      <filename>DejaVuSans-Bold.ttf</filename>
      <size>12</size>
    </font>
    <font>
      <name>font12_title</name>
      <filename>DejaVuSans-Bold.ttf</filename>
      <size>16</size>
    </font>
    <font>
      <name>font13_title</name>
      <filename>DejaVuSans-Bold.ttf</filename>
      <size>20</size>
    </font>
    <font>
      <name>font24_title</name>
      <filename>DejaVuSans-Bold.ttf</filename>
      <size>24</size>
    </font>
    <font>
      <name>font28_title</name>
      <filename>DejaVuSans-Bold.ttf</filename>
      <size>28</size>
    </font>
    <font>
      <name>font30_title</name>
      <filename>DejaVuSans-Bold.ttf</filename>
      <size>30</size>
    </font>
    <font>
      <name>font35_title</name>
      <filename>DejaVuSans-Bold.ttf</filename>
      <size>35</size>
    </font>
    <font>
      <name>font55_title</name>
      <filename>DejaVuSans-Bold.ttf</filename>
      <size>55</size>
    </font>
    <font>
      <name>font50caps_title</name>
      <filename>DejaVuSans-Bold-Caps.ttf</filename>
      <size>35</size>
    </font>
    <font>
      <name>font45caps_title</name>
      <filename>DejaVuSans-Bold-Caps.ttf</filename>
      <size>45</size>
    </font>
    <font>
      <name>font55caps_title</name>
      <filename>DejaVuSans-Bold-Caps.ttf</filename>
      <size>55</size>
    </font>
    <font>
      <name>WeatherTemp</name>
      <filename>DejaVuSans-Bold.ttf</filename>
      <size>80</size>
    </font>
    <font>
      <name>bmw_big</name>
      <filename>DejaVuSans.ttf</filename>
      <size>40</size>
    </font>
  </fontset>
  <!--Copy of old default Roboto-->
  <fontset id="Roboto (old default)" unicode="true">
    <!-- Normal Fonts -->
    <font>
      <name>font10</name>
      <filename>Roboto-Regular.ttf</filename>
      <size>14</size>
    </font>
    <font>
      <name>font12</name>
      <filename>Roboto-Regular.ttf</filename>
      <size>17</size>
    </font>
    <font>
      <name>font13</name>
      <filename>Roboto-Regular.ttf</filename>
      <size>20</size>
    </font>
    <font>
      <name>font14</name>
      <filename>Roboto-Regular.ttf</filename>
      <size>22</size>
    </font>
    <font>
      <name>font16</name>
      <filename>Roboto-Regular.ttf</filename>
      <size>25</size>
    </font>
    <font>
      <name>font30</name>
      <filename>Roboto-Regular.ttf</filename>
      <size>30</size>
    </font>
    <font>
      <name>fontContextMenu</name>
      <filename>Roboto-Regular.ttf</filename>
      <size>18</size>
    </font>
    <!-- Title Fonts -->
    <font>
      <name>font10_title</name>
      <filename>Roboto-Bold.ttf</filename>
      <size>12</size>
    </font>
    <font>
      <name>font12_title</name>
      <filename>Roboto-Bold.ttf</filename>
      <size>17</size>
    </font>
    <font>
      <name>font13_title</name>
      <filename>Roboto-Bold.ttf</filename>
      <size>20</size>
    </font>
    <font>
      <name>font24_title</name>
      <filename>Roboto-Bold.ttf</filename>
      <size>24</size>
    </font>
    <font>
      <name>font28_title</name>
      <filename>Roboto-Bold.ttf</filename>
      <size>28</size>
    </font>
    <font>
      <name>font30_title</name>
      <filename>Roboto-Bold.ttf</filename>
      <size>30</size>
    </font>
    <font>
      <name>font35_title</name>
      <filename>Roboto-Bold.ttf</filename>
      <size>35</size>
    </font>
    <font>
      <name>font_MainMenu</name>
      <filename>Roboto-Bold.ttf</filename>
      <size>40</size>
    </font>
    <font>
      <name>WeatherTemp</name>
      <filename>Roboto-Bold.ttf</filename>
      <size>80</size>
    </font>
  </fontset>
  <fontset id="Massive" idloc="15110">
    <!-- Normal Fonts -->
    <font>
      <name>font10</name>
      <filename>Roboto-Regular.ttf</filename>
      <size>14</size>
    </font>
    <font>
      <name>font12</name>
      <filename>Roboto-Regular.ttf</filename>
      <size>23</size>
    </font>
    <font>
      <name>font13</name>
      <filename>Roboto-Regular.ttf</filename>
      <size>25</size>
    </font>
    <font>
      <name>font14</name>
      <filename>Roboto-Regular.ttf</filename>
      <size>25</size>
    </font>
    <font>
      <name>font16</name>
      <filename>Roboto-Regular.ttf</filename>
      <size>25</size>
    </font>
    <font>
      <name>font30</name>
      <filename>Roboto-Regular.ttf</filename>
      <size>30</size>
    </font>
    <font>
      <name>fontContextMenu</name>
      <filename>Roboto-Regular.ttf</filename>
      <size>25</size>
    </font>
    <!-- Title Fonts -->
    <font>
      <name>font10_title</name>
      <filename>Roboto-Bold.ttf</filename>
      <size>12</size>
    </font>
    <font>
      <name>font12_title</name>
      <filename>Roboto-Bold.ttf</filename>
      <size>17</size>
    </font>
    <font>
      <name>font13_title</name>
      <filename>Roboto-Bold.ttf</filename>
      <size>20</size>
    </font>
    <font>
      <name>font24_title</name>
      <filename>Roboto-Bold.ttf</filename>
      <size>24</size>
    </font>
    <font>
      <name>font28_title</name>
      <filename>Roboto-Bold.ttf</filename>
      <size>28</size>
    </font>
    <font>
      <name>font30_title</name>
      <filename>Roboto-Bold.ttf</filename>
      <size>30</size>
    </font>
    <font>
      <name>font35_title</name>
      <filename>Roboto-Bold.ttf</filename>
      <size>35</size>
    </font>
    <font>
      <name>font_MainMenu</name>
      <filename>Roboto-Bold.ttf</filename>
      <size>40</size>
    </font>
    <font>
      <name>WeatherTemp</name>
      <filename>Roboto-Bold.ttf</filename>
      <size>80</size>
    </font>
  </fontset>
  <fontset id="DefaultNoCaps" idloc="31391">
    <!-- Normal Fonts -->
    <font>
      <name>font10</name>
      <filename>Roboto-Regular.ttf</filename>
      <size>14</size>
    </font>
    <font>
      <name>font12</name>
      <filename>Roboto-Regular.ttf</filename>
      <size>17</size>
    </font>
    <font>
      <name>font13</name>
      <filename>Roboto-Regular.ttf</filename>
      <size>20</size>
    </font>
    <font>
      <name>font14</name>
      <filename>Roboto-Regular.ttf</filename>
      <size>22</size>
    </font>
    <font>
      <name>font16</name>
      <filename>Roboto-Regular.ttf</filename>
      <size>25</size>
    </font>
    <font>
      <name>font30</name>
      <filename>Roboto-Regular.ttf</filename>
      <size>30</size>
    </font>
    <font>
      <name>fontContextMenu</name>
      <filename>Roboto-Regular.ttf</filename>
      <size>18</size>
    </font>
    <!-- Title Fonts -->
    <font>
      <name>font10_title</name>
      <filename>Roboto-Bold.ttf</filename>
      <size>12</size>
    </font>
    <font>
      <name>font12_title</name>
      <filename>Roboto-Bold.ttf</filename>
      <size>17</size>
    </font>
    <font>
      <name>font13_title</name>
      <filename>Roboto-Bold.ttf</filename>
      <size>20</size>
    </font>
    <font>
      <name>font24_title</name>
      <filename>Roboto-Bold.ttf</filename>
      <size>24</size>
    </font>
    <font>
      <name>font28_title</name>
      <filename>Roboto-Bold.ttf</filename>
      <size>28</size>
    </font>
    <font>
      <name>font30_title</name>
      <filename>Roboto-Bold.ttf</filename>
      <size>30</size>
    </font>
    <font>
      <name>font35_title</name>
      <filename>Roboto-Bold.ttf</filename>
      <size>35</size>
    </font>
    <font>
      <name>font_MainMenu</name>
      <filename>Roboto-Bold.ttf</filename>
      <size>40</size>
    </font>
    <font>
      <name>WeatherTemp</name>
      <filename>Roboto-Bold.ttf</filename>
      <size>80</size>
    </font>
  </fontset>
  <fontset id="Arial" idloc="31392">
    <!-- Arial Font better for non English -->
    <font>
      <name>font10</name>
      <filename>arial.ttf</filename>
      <size>12</size>
    </font>
    <font>
      <name>font12</name>
      <filename>arial.ttf</filename>
      <size>15</size>
    </font>
    <font>
      <name>font13</name>
      <filename>arial.ttf</filename>
      <size>18</size>
    </font>
    <font>
      <name>font14</name>
      <filename>arial.ttf</filename>
      <size>20</size>
    </font>
    <font>
      <name>font16</name>
      <filename>arial.ttf</filename>
      <size>23</size>
    </font>
    <font>
      <name>font30</name>
      <filename>arial.ttf</filename>
      <size>28</size>
    </font>
    <font>
      <name>fontContextMenu</name>
      <filename>arial.ttf</filename>
      <size>16</size>
    </font>
    <!-- Title Fonts -->
    <font>
      <name>font10_title</name>
      <filename>arial.ttf</filename>
      <size>10</size>
      <style>bold</style>
    </font>
    <font>
      <name>font12_title</name>
      <filename>arial.ttf</filename>
      <size>15</size>
      <style>bold</style>
    </font>
    <font>
      <name>font13_title</name>
      <filename>arial.ttf</filename>
      <size>18</size>
      <style>bold</style>
    </font>
    <font>
      <name>font24_title</name>
      <filename>arial.ttf</filename>
      <size>22</size>
      <style>bold</style>
    </font>
    <font>
      <name>font28_title</name>
      <filename>arial.ttf</filename>
      <size>26</size>
      <style>bold</style>
    </font>
    <font>
      <name>font30_title</name>
      <filename>arial.ttf</filename>
      <size>28</size>
      <style>bold</style>
    </font>
    <font>
      <name>font35_title</name>
      <filename>arial.ttf</filename>
      <size>33</size>
      <style>bold</style>
    </font>
    <font>
      <name>font_MainMenu</name>
      <filename>arial.ttf</filename>
      <size>35</size>
      <style>bold</style>
    </font>
    <font>
      <name>WeatherTemp</name>
      <filename>arial.ttf</filename>
      <size>80</size>
      <style>bold</style>
    </font>
  </fontset>
  <fontset_OFF_DejaVuSans id="DejaVuSans" unicode="true">
    <!-- Normal Fonts -->
    <font>
      <name>font10</name>
      <filename>DejaVuSans.ttf</filename>
      <size>12</size>
    </font>
    <font>
      <name>font12</name>
      <filename>DejaVuSans.ttf</filename>
      <size>16</size>
    </font>
    <font>
      <name>font12caps</name>
      <filename>DefaultCaps.ttf</filename>
      <size>16</size>
    </font>
    <font>
      <name>font13</name>
      <filename>DejaVuSans.ttf</filename>
      <size>20</size>
    </font>
    <font>
      <name>font13caps</name>
      <filename>DefaultCaps.ttf</filename>
      <size>20</size>
    </font>
    <font>
      <name>font16caps</name>
      <filename>DefaultCaps.ttf</filename>
      <size>25</size>
    </font>
    <font>
      <name>font30</name>
      <filename>DejaVuSans.ttf</filename>
      <size>30</size>
    </font>
    <font>
      <name>font_MainMenu</name>
      <filename>DejaVuSans-Bold.ttf</filename>
      <size>40</size>
    </font>
    <font>
      <name>fontContextMenu</name>
      <filename>DejaVuSans.ttf</filename>
      <size>18</size>
    </font>
    <!-- Title Fonts -->
    <font>
      <name>font10_title</name>
      <filename>DejaVuSans-Bold.ttf</filename>
      <size>12</size>
    </font>
    <font>
      <name>font12_title</name>
      <filename>DejaVuSans-Bold.ttf</filename>
      <size>16</size>
    </font>
    <font>
      <name>font13_title</name>
      <filename>DejaVuSans-Bold.ttf</filename>
      <size>20</size>
    </font>
    <font>
      <name>font24_title</name>
      <filename>DejaVuSans-Bold.ttf</filename>
      <size>24</size>
    </font>
    <font>
      <name>font28_title</name>
      <filename>DejaVuSans-Bold.ttf</filename>
      <size>28</size>
    </font>
    <font>
      <name>font30_title</name>
      <filename>DejaVuSans-Bold.ttf</filename>
      <size>30</size>
    </font>
    <font>
      <name>font35_title</name>
      <filename>DejaVuSans-Bold.ttf</filename>
      <size>35</size>
    </font>
    <font>
      <name>font50caps_title</name>
      <filename>DejaVuSans-Bold-Caps.ttf</filename>
      <size>35</size>
    </font>
    <font>
      <name>font45caps_title</name>
      <filename>DejaVuSans-Bold-Caps.ttf</filename>
      <size>45</size>
    </font>
    <font>
      <name>font55caps_title</name>
      <filename>DejaVuSans-Bold-Caps.ttf</filename>
      <size>55</size>
    </font>
    <font>
      <name>WeatherTemp</name>
      <filename>DejaVuSans-Bold.ttf</filename>
      <size>80</size>
    </font>
  </fontset_OFF_DejaVuSans>
</fonts>