﻿<?xml version="1.0" encoding="utf-8"?>
<window type="dialog" id="2000">
  <defaultcontrol always="true">3</defaultcontrol>
  <coordinates>
    <system>1</system>
    <posx>335</posx>
    <posy>35</posy>
  </coordinates>
  <include_OFF>dialogeffect</include_OFF>
  <animation type="WindowOpen">
    <effect type="zoom" start="0" end="0,0,1280,720" center="auto" time="200"></effect>
    <effect_off type="slide" end="0,-80" time="0" />
    <effect type="fade" time="250"></effect>
  </animation>
  <animation type="WindowClose">
    <effect type="zoom" start="0,0,1280,720" end="0" center="auto" time="200"></effect>
    <effect_off type="slide" start="0,-80" time="200" />
    <effect type="fade" time="250"></effect>
  </animation>
  <controls>
    <control type="image">
      <description>background image</description>
      <posx>0</posx>
      <posy>0</posy>
      <width>610</width>
      <height>650</height>
      <texture border="40">DialogBack.png</texture>
      <visible>![Window.IsVisible(FullscreenVideo) | Window.IsVisible(Visualisation)]</visible>
    </control>
    <control type="image">
      <description>background image</description>
      <posx>0</posx>
      <posy>0</posy>
      <width>610</width>
      <height>650</height>
      <texture border="40">DialogBack2.png</texture>
      <visible>Window.IsVisible(FullscreenVideo) | Window.IsVisible(Visualisation)</visible>
    </control>
    <control type="image">
      <description>Dialog Header image</description>
      <posx>40</posx>
      <posy>16</posy>
      <width>530</width>
      <height>40</height>
      <texture>dialogheader.png</texture>
    </control>
    <control type="label" id="1">
      <description>header label</description>
      <posx>40</posx>
      <posy>20</posy>
      <width>530</width>
      <height>30</height>
      <font>font13_title</font>
      <label>$LOCALIZE[13406]</label>
      <align>center</align>
      <aligny>center</aligny>
      <textcolor>selected</textcolor>
      <shadowcolor>black</shadowcolor>
    </control>
    <control type="button">
      <description>Close Window button</description>
      <posx>520</posx>
      <posy>15</posy>
      <width>64</width>
      <height>32</height>
      <label>-</label>
      <font>-</font>
      <onclick>PreviousMenu</onclick>
      <texturefocus>DialogCloseButton-focus.png</texturefocus>
      <texturenofocus>DialogCloseButton.png</texturenofocus>
      <onleft>10</onleft>
      <onright>10</onright>
      <onup>10</onup>
      <ondown>10</ondown>
      <visible>system.getbool(input.enablemouse)</visible>
    </control>
    <control type="list" id="3">
      <posx>20</posx>
      <posy>67</posy>
      <width>550</width>
      <height>506</height>
      <onup>3</onup>
      <ondown>3</ondown>
      <onleft>5</onleft>
      <onright>61</onright>
      <pagecontrol>61</pagecontrol>
      <scrolltime>200</scrolltime>
      <animation effect="slide" start="0,0" end="10,0" time="0" condition="!Control.IsVisible(61)">Conditional</animation>
      <itemlayout height="46" width="550">
        <control type="image">
          <posx>0</posx>
          <posy>0</posy>
          <width>550</width>
          <height>40</height>
          <texture border="5">button-nofocus.png</texture>
        </control>
        <control type="label">
          <posx>20</posx>
          <posy>0</posy>
          <width>510</width>
          <height>40</height>
          <font>font13</font>
          <textcolor>grey2</textcolor>
          <selectedcolor>selected</selectedcolor>
          <align>left</align>
          <aligny>center</aligny>
          <label>$INFO[ListItem.Label]</label>
        </control>
      </itemlayout>
      <focusedlayout height="46" width="550">
        <control type="image">
          <posx>0</posx>
          <posy>0</posy>
          <width>550</width>
          <height>40</height>
          <texture border="5">button-nofocus.png</texture>
          <visible>!Control.HasFocus(3)</visible>
          <include>VisibleFadeEffect</include>
        </control>
        <control type="image">
          <posx>0</posx>
          <posy>0</posy>
          <width>550</width>
          <height>40</height>
          <texture border="5">button-focus2.png</texture>
          <visible>Control.HasFocus(3)</visible>
          <include>VisibleFadeEffect</include>
        </control>
        <control type="label">
          <posx>20</posx>
          <posy>0</posy>
          <width>510</width>
          <height>40</height>
          <font>font13</font>
          <textcolor>white</textcolor>
          <selectedcolor>selected</selectedcolor>
          <align>left</align>
          <aligny>center</aligny>
          <label>$INFO[ListItem.Label]</label>
        </control>
      </focusedlayout>
    </control>
    <control type="list" id="6">
      <posx>20</posx>
      <posy>65</posy>
      <width>550</width>
      <height>510</height>
      <onup>6</onup>
      <ondown>6</ondown>
      <onleft>5</onleft>
      <onright>61</onright>
      <pagecontrol>61</pagecontrol>
      <scrolltime>200</scrolltime>
      <animation effect="slide" start="0,0" end="10,0" time="0" condition="!Control.IsVisible(61)">Conditional</animation>
      <itemlayout height="85" width="550">
        <control type="image">
          <posx>0</posx>
          <posy>0</posy>
          <width>550</width>
          <height>80</height>
          <texture border="5">button-nofocus.png</texture>
        </control>
        <control type="image">
          <posx>2</posx>
          <posy>2</posy>
          <width>80</width>
          <height>76</height>
          <texture>$INFO[Listitem.Icon]</texture>
          <bordertexture border="3">black-back2.png</bordertexture>
          <bordersize>2</bordersize>
        </control>
        <control type="label">
          <posx>90</posx>
          <posy>0</posy>
          <width>450</width>
          <height>30</height>
          <font>font13</font>
          <textcolor>grey</textcolor>
          <selectedcolor>selected</selectedcolor>
          <align>left</align>
          <aligny>center</aligny>
          <label>[B]$INFO[ListItem.Label][/B]</label>
        </control>
        <control type="textbox">
          <posx>90</posx>
          <posy>30</posy>
          <width>450</width>
          <height>50</height>
          <font>font12</font>
          <textcolor>grey</textcolor>
          <selectedcolor>selected</selectedcolor>
          <align>left</align>
          <label>$INFO[ListItem.Property(Addon.Summary)]</label>
        </control>
      </itemlayout>
      <focusedlayout height="85" width="550">
        <control type="image">
          <posx>0</posx>
          <posy>0</posy>
          <width>550</width>
          <height>80</height>
          <texture border="5">button-nofocus.png</texture>
          <visible>!Control.HasFocus(6)</visible>
          <include>VisibleFadeEffect</include>
        </control>
        <control type="image">
          <posx>0</posx>
          <posy>0</posy>
          <width>550</width>
          <height>80</height>
          <texture border="5">button-focus2.png</texture>
          <visible>Control.HasFocus(6)</visible>
          <include>VisibleFadeEffect</include>
        </control>
        <control type="image">
          <posx>2</posx>
          <posy>2</posy>
          <width>80</width>
          <height>76</height>
          <texture>$INFO[Listitem.Icon]</texture>
          <bordertexture border="3">black-back2.png</bordertexture>
          <bordersize>2</bordersize>
        </control>
        <control type="label">
          <posx>90</posx>
          <posy>0</posy>
          <width>450</width>
          <height>30</height>
          <font>font13</font>
          <textcolor>white</textcolor>
          <selectedcolor>selected</selectedcolor>
          <align>left</align>
          <aligny>center</aligny>
          <label>[B]$INFO[ListItem.Label][/B]</label>
        </control>
        <control type="textbox">
          <posx>90</posx>
          <posy>30</posy>
          <width>450</width>
          <height>50</height>
          <font>font12</font>
          <textcolor>grey</textcolor>
          <selectedcolor>selected</selectedcolor>
          <align>left</align>
          <label>$INFO[ListItem.Property(Addon.Summary)]</label>
        </control>
      </focusedlayout>
    </control>
    <control type="scrollbar" id="61">
      <posx>570</posx>
      <posy>65</posy>
      <width>25</width>
      <height>510</height>
      <texturesliderbackground border="0,14,0,14">ScrollBarV.png</texturesliderbackground>
      <texturesliderbar border="0,14,0,14">ScrollBarV_bar.png</texturesliderbar>
      <texturesliderbarfocus border="0,14,0,14">ScrollBarV_bar_focus.png</texturesliderbarfocus>
      <textureslidernib>ScrollBarNib.png</textureslidernib>
      <textureslidernibfocus>ScrollBarNib.png</textureslidernibfocus>
      <onleft>3</onleft>
      <onright>3</onright>
      <ondown>61</ondown>
      <onup>61</onup>
      <showonepage>false</showonepage>
      <orientation>vertical</orientation>
    </control>
    <control type="label">
      <description>number of files/pages in list text label</description>
      <posx>580</posx>
      <posy>585</posy>
      <width>300</width>
      <height>35</height>
      <font>font12</font>
      <align>right</align>
      <aligny>center</aligny>
      <scroll>true</scroll>
      <textcolor>grey</textcolor>
      <label>([COLOR=blue]$INFO[Container(3).NumItems][/COLOR]) $LOCALIZE[31025] - $LOCALIZE[31024] ([COLOR=blue]$INFO[Container(3).CurrentPage]/$INFO[Container(3).NumPages][/COLOR])</label>
      <visible>Control.IsVisible(3)</visible>
    </control>
    <control type="label">
      <description>number of files/pages in list text label</description>
      <posx>580</posx>
      <posy>587</posy>
      <width>300</width>
      <height>35</height>
      <font>font12</font>
      <align>right</align>
      <aligny>center</aligny>
      <scroll>true</scroll>
      <textcolor>grey</textcolor>
      <label>([COLOR=blue]$INFO[Container(6).NumItems][/COLOR]) $LOCALIZE[31025] - $LOCALIZE[31024] ([COLOR=blue]$INFO[Container(6).CurrentPage]/$INFO[Container(6).NumPages][/COLOR])</label>
      <visible>Control.IsVisible(6)</visible>
    </control>
    <control type="button" id="5">
      <description>Manual button</description>
      <posx>20</posx>
      <posy>585</posy>
      <width>200</width>
      <height>40</height>
      <label>186</label>
      <font>font12_title</font>
      <textcolor>white</textcolor>
      <focusedcolor>white</focusedcolor>
      <align>center</align>
      <onleft>61</onleft>
      <onright>3</onright>
      <onup>3</onup>
      <ondown>3</ondown>
    </control>
  </controls>
</window>