﻿<?xml version="1.0" encoding="utf-8"?>
<window>
  <defaultcontrol always="true">9</defaultcontrol>
  <coordinates>
    <left>210</left>
    <top>65</top>
  </coordinates>
  <include>dialogeffect</include>
  <controls>
    <include content="DialogBackgroundCommons">
      <param name="DialogBackgroundWidth" value="865" />
      <param name="DialogBackgroundHeight" value="605" />
      <param name="DialogHeaderWidth" value="785" />
      <param name="DialogHeaderLabel" value="$LOCALIZE[19142]" />
      <param name="DialogHeaderId" value="2" />
      <param name="CloseButtonLeft" value="775" />
      <param name="CloseButtonNav" value="3" />
    </include>
    <control type="label">
      <description>Search string</description>
      <left>30</left>
      <top>60</top>
      <width>320</width>
      <height>40</height>
      <font>font13</font>
      <label>$LOCALIZE[19133]</label>
      <align>left</align>
      <aligny>center</aligny>
      <textcolor>blue</textcolor>
      <shadowcolor>black</shadowcolor>
    </control>
    <control type="image">
      <left>30</left>
      <top>100</top>
      <width>800</width>
      <height>50</height>
      <aspectratio>stretch</aspectratio>
      <texture border="20">KeyboardEditArea.png</texture>
    </control>
    <control type="edit" id="9">
      <description>Search string</description>
      <left>35</left>
      <top>105</top>
      <width>790</width>
      <height>40</height>
      <font>font13</font>
      <textcolor>white</textcolor>
      <shadowcolor>black</shadowcolor>
      <texturefocus>-</texturefocus>
      <texturenofocus>-</texturenofocus>
      <align>left</align>
      <onleft>9</onleft>
      <onright>9</onright>
      <onup>26</onup>
      <ondown>10</ondown>
    </control>
    <control type="textbox">
      <description>Search help</description>
      <left>30</left>
      <top>157</top>
      <width>800</width>
      <height>68</height>
      <align>left</align>
      <font>font12</font>
      <textcolor>grey2</textcolor>
      <label>$LOCALIZE[19001] $LOCALIZE[19002]</label>
    </control>
    <control type="group">
      <left>30</left>
      <top>230</top>
      <control type="radiobutton" id="10">
        <description>Include Description</description>
        <left>0</left>
        <top>0</top>
        <height>35</height>
        <width>400</width>
        <font>font12</font>
        <textcolor>white</textcolor>
        <focusedcolor>white</focusedcolor>
        <shadowcolor>black</shadowcolor>
        <texturefocus border="5">button-focus2.png</texturefocus>
        <texturenofocus border="5">button-nofocus.png</texturenofocus>
        <align>left</align>
        <aligny>center</aligny>
        <label>19134</label>
        <onleft>12</onleft>
        <onright>12</onright>
        <onup>9</onup>
        <ondown>11</ondown>
      </control>
      <control type="radiobutton" id="11">
        <description>Case Sensitive</description>
        <left>0</left>
        <top>35</top>
        <height>35</height>
        <width>400</width>
        <font>font12</font>
        <textcolor>white</textcolor>
        <focusedcolor>white</focusedcolor>
        <shadowcolor>black</shadowcolor>
        <texturefocus border="5">button-focus2.png</texturefocus>
        <texturenofocus border="5">button-nofocus.png</texturenofocus>
        <align>left</align>
        <aligny>center</aligny>
        <label>19135</label>
        <onleft>13</onleft>
        <onright>13</onright>
        <onup>10</onup>
        <ondown>14</ondown>
      </control>
      <control type="edit" id="14">
        <description>Start Date</description>
        <left>0</left>
        <top>70</top>
        <width>400</width>
        <height>35</height>
        <font>font12</font>
        <textcolor>white</textcolor>
        <focusedcolor>white</focusedcolor>
        <shadowcolor>black</shadowcolor>
        <texturefocus border="5">button-focus2.png</texturefocus>
        <texturenofocus border="5">button-nofocus.png</texturenofocus>
        <label>19128</label>
        <onright>16</onright>
        <onleft>16</onleft>
        <onup>11</onup>
        <ondown>15</ondown>
      </control>
      <control type="edit" id="15">
        <description>Stop Date</description>
        <left>0</left>
        <top>105</top>
        <width>400</width>
        <height>35</height>
        <font>font12</font>
        <textcolor>white</textcolor>
        <focusedcolor>white</focusedcolor>
        <shadowcolor>black</shadowcolor>
        <texturefocus border="5">button-focus2.png</texturefocus>
        <texturenofocus border="5">button-nofocus.png</texturenofocus>
        <label>19129</label>
        <onright>17</onright>
        <onleft>17</onleft>
        <onup>14</onup>
        <ondown>18</ondown>
      </control>
      <control type="spincontrolex" id="18">
        <description>Genre</description>
        <left>0</left>
        <top>140</top>
        <width>400</width>
        <height>35</height>
        <font>font12</font>
        <texturefocus border="5">button-focus2.png</texturefocus>
        <texturenofocus border="5">button-nofocus.png</texturenofocus>
        <label>515</label>
        <onright>19</onright>
        <onleft>19</onleft>
        <onup>15</onup>
        <ondown>20</ondown>
      </control>
      <control type="radiobutton" id="20">
        <description>Include unknown Genres</description>
        <left>0</left>
        <top>175</top>
        <height>35</height>
        <width>400</width>
        <font>font12</font>
        <textcolor>white</textcolor>
        <focusedcolor>white</focusedcolor>
        <shadowcolor>black</shadowcolor>
        <align>left</align>
        <aligny>center</aligny>
        <texturefocus border="5">button-focus2.png</texturefocus>
        <texturenofocus border="5">button-nofocus.png</texturenofocus>
        <pulseonselect>no</pulseonselect>
        <label>19132</label>
        <onleft>21</onleft>
        <onright>21</onright>
        <onup>18</onup>
        <ondown>22</ondown>
      </control>
      <control type="radiobutton" id="22">
        <description>FTA only</description>
        <left>0</left>
        <top>210</top>
        <height>35</height>
        <width>400</width>
        <font>font12</font>
        <textcolor>white</textcolor>
        <focusedcolor>white</focusedcolor>
        <shadowcolor>black</shadowcolor>
        <align>left</align>
        <aligny>center</aligny>
        <texturefocus border="5">button-focus2.png</texturefocus>
        <texturenofocus border="5">button-nofocus.png</texturenofocus>
        <pulseonselect>no</pulseonselect>
        <label>19123</label>
        <onleft>23</onleft>
        <onright>23</onright>
        <onup>20</onup>
        <ondown>24</ondown>
      </control>
      <control type="radiobutton" id="24">
        <description>Ignore Timers</description>
        <left>0</left>
        <top>245</top>
        <height>35</height>
        <width>400</width>
        <font>font12</font>
        <textcolor>white</textcolor>
        <focusedcolor>white</focusedcolor>
        <shadowcolor>black</shadowcolor>
        <align>left</align>
        <aligny>center</aligny>
        <texturefocus border="5">button-focus2.png</texturefocus>
        <texturenofocus border="5">button-nofocus.png</texturenofocus>
        <pulseonselect>no</pulseonselect>
        <label>19124</label>
        <onleft>27</onleft>
        <onright>27</onright>
        <onup>22</onup>
        <ondown>26</ondown>
      </control>
    </control>
    <control type="group">
      <left>440</left>
      <top>230</top>
      <control type="spincontrolex" id="12">
        <description>Min Duration</description>
        <left>0</left>
        <top>0</top>
        <width>400</width>
        <height>35</height>
        <font>font12</font>
        <texturefocus border="5">button-focus2.png</texturefocus>
        <texturenofocus border="5">button-nofocus.png</texturenofocus>
        <label>19130</label>
        <onright>10</onright>
        <onleft>10</onleft>
        <onup>9</onup>
        <ondown>13</ondown>
      </control>
      <control type="spincontrolex" id="13">
        <description>Max Duration</description>
        <left>0</left>
        <top>35</top>
        <width>400</width>
        <height>35</height>
        <font>font12</font>
        <texturefocus border="5">button-focus2.png</texturefocus>
        <texturenofocus border="5">button-nofocus.png</texturenofocus>
        <label>19131</label>
        <onright>11</onright>
        <onleft>11</onleft>
        <onup>12</onup>
        <ondown>16</ondown>
      </control>
      <control type="edit" id="16">
        <description>Start time</description>
        <left>0</left>
        <top>70</top>
        <width>400</width>
        <height>35</height>
        <font>font12</font>
        <textcolor>white</textcolor>
        <focusedcolor>white</focusedcolor>
        <shadowcolor>black</shadowcolor>
        <texturefocus border="5">button-focus2.png</texturefocus>
        <texturenofocus border="5">button-nofocus.png</texturenofocus>
        <label>19126</label>
        <onright>14</onright>
        <onleft>14</onleft>
        <onup>13</onup>
        <ondown>17</ondown>
      </control>
      <control type="edit" id="17">
        <description>Stop time</description>
        <left>0</left>
        <top>105</top>
        <width>400</width>
        <height>35</height>
        <font>font12</font>
        <textcolor>white</textcolor>
        <focusedcolor>white</focusedcolor>
        <shadowcolor>black</shadowcolor>
        <texturefocus border="5">button-focus2.png</texturefocus>
        <texturenofocus border="5">button-nofocus.png</texturenofocus>
        <label>19127</label>
        <onright>15</onright>
        <onleft>15</onleft>
        <onup>16</onup>
        <ondown>19</ondown>
      </control>
      <control type="radiobutton" id="19">
        <description>avoid repeats</description>
        <left>0</left>
        <top>140</top>
        <width>400</width>
        <height>35</height>
        <font>font12</font>
        <textcolor>white</textcolor>
        <focusedcolor>white</focusedcolor>
        <shadowcolor>black</shadowcolor>
        <align>left</align>
        <aligny>center</aligny>
        <texturefocus border="5">button-focus2.png</texturefocus>
        <texturenofocus border="5">button-nofocus.png</texturenofocus>
        <pulseonselect>no</pulseonselect>
        <label>19121</label>
        <onright>18</onright>
        <onleft>18</onleft>
        <onup>17</onup>
        <ondown>21</ondown>
      </control>
      <control type="spincontrolex" id="21">
        <description>Groups</description>
        <left>0</left>
        <top>175</top>
        <width>400</width>
        <height>35</height>
        <font>font12</font>
        <texturefocus border="5">button-focus2.png</texturefocus>
        <texturenofocus border="5">button-nofocus.png</texturenofocus>
        <label>19141</label>
        <onright>20</onright>
        <onleft>20</onleft>
        <onup>19</onup>
        <ondown>23</ondown>
      </control>
      <control type="spincontrolex" id="23">
        <description>Channels</description>
        <left>0</left>
        <top>210</top>
        <width>400</width>
        <height>35</height>
        <font>font12</font>
        <texturefocus border="5">button-focus2.png</texturefocus>
        <texturenofocus border="5">button-nofocus.png</texturenofocus>
        <label>19148</label>
        <onleft>22</onleft>
        <onright>22</onright>
        <onup>21</onup>
        <ondown>27</ondown>
      </control>
      <control type="radiobutton" id="27">
        <description>Ignore Recordings</description>
        <left>0</left>
        <top>245</top>
        <height>35</height>
        <width>400</width>
        <font>font12</font>
        <textcolor>white</textcolor>
        <focusedcolor>white</focusedcolor>
        <shadowcolor>black</shadowcolor>
        <align>left</align>
        <aligny>center</aligny>
        <texturefocus border="5">button-focus2.png</texturefocus>
        <texturenofocus border="5">button-nofocus.png</texturenofocus>
        <pulseonselect>no</pulseonselect>
        <label>19125</label>
        <onleft>24</onleft>
        <onright>24</onright>
        <onup>23</onup>
        <ondown>26</ondown>
      </control>
    </control>
    <control type="group" id="9000">
      <top>540</top>
      <left>125</left>
      <control type="button" id="28">
        <description>Defaults Button</description>
        <left>0</left>
        <top>0</top>
        <width>200</width>
        <height>40</height>
        <align>center</align>
        <aligny>center</aligny>
        <font>font12_title</font>
        <label>10035</label>
        <onleft>26</onleft>
        <onright>25</onright>
        <onup>24</onup>
        <ondown>9</ondown>
      </control>
      <control type="button" id="25">
        <description>Cancel Button</description>
        <left>210</left>
        <top>0</top>
        <width>200</width>
        <height>40</height>
        <align>center</align>
        <aligny>center</aligny>
        <font>font12_title</font>
        <label>222</label>
        <onleft>28</onleft>
        <onright>26</onright>
        <onup>27</onup>
        <ondown>9</ondown>
      </control>
      <control type="button" id="26">
        <description>Search Button</description>
        <left>420</left>
        <top>0</top>
        <width>200</width>
        <height>40</height>
        <align>center</align>
        <aligny>center</aligny>
        <font>font12_title</font>
        <label>137</label>
        <onleft>25</onleft>
        <onright>28</onright>
        <onup>27</onup>
        <ondown>9</ondown>
      </control>
    </control>
  </controls>
</window>