﻿<?xml version="1.0" encoding="utf-8"?>
<window id="1113" type="dialog">
  <defaultcontrol>9002</defaultcontrol>
  <zorder>0</zorder>
  <onload condition="StringCompare(Window(10000).Property(AddonWidgetMode),1)">SetFocus(705)</onload>
  <onload condition="StringCompare(Window(10000).Property(AddonWidgetMode),2)">SetFocus(700)</onload>
  <onload condition="StringCompare(Window(10000).Property(AddonWidgetMode),3)">SetFocus(703)</onload>
  <onload condition="StringCompare(Window(10000).Property(AddonWidgetMode),4)">SetFocus(704)</onload>
  <!--reset property-->
  <onunload>SetProperty(AddonWidgetMode,0,10000)</onunload>
  <controls>
    <control type="group">
      <left>630</left>
      <width>280</width>
      <animation effect="zoom" start="630,0,1,720" end="630,0,300,720" time="150">WindowOpen</animation>
      <animation effect="zoom" start="630,0,300,720" end="630,0,1,720" time="150" delay="250">WindowClose</animation>
      <control type="image">
        <width>300</width>
        <height>720</height>
        <texture border="0,0,20,0">MediaBladeSub.png</texture>
      </control>
      <control_off type="button">
        <description>Close Window button</description>
        <left>200</left>
        <top>0</top>
        <width>90</width>
        <height>50</height>
        <label>-</label>
        <font>-</font>
        <onclick>Dialog.Close(1113)</onclick>
        <texturefocus>DialogCloseButton-focus.png</texturefocus>
        <texturenofocus>DialogCloseButton.png</texturenofocus>
        <visible>system.getbool(input.enablemouse) + ![Window.IsVisible(AddonSettings) | Window.IsVisible(SelectDialog) | Window.IsVisible(VisualisationPresetList) | Window.IsVisible(PVROSDChannels) | Window.IsVisible(PVROSDGuide) | Window.IsVisible(PVRRadioRDSInfo) | Window.IsVisible(OSDAudioDSPSettings) | Window.IsVisible(Addon)]</visible>
      </control_off>
    </control>
    <control type="group" id="9002">
      <animation effect="fade" time="200" delay="150">WindowOpen</animation>
      <animation effect="fade" time="200">WindowClose</animation>
      <control type="fixedlist" id="700">
        <animation effect="slide" start="0,0" end="-91,0" time="0" condition="String.IsEqual(Container(700).NumItems,2) | String.IsEqual(Container(700).NumItems,4)">conditional</animation>
        <visible>StringCompare(Window(10000).Property(AddonWidgetMode),2)</visible>
        <onleft>Dialog.Close(1113)</onleft>
        <onright>700</onright>
        <onup>9001</onup>
        <ondown>20</ondown>
        <include>HomeAddonsCommonLayout</include>
        <content>
          <include>HomeAddonItemsVideos</include>
        </content>
      </control>
      <control type="fixedlist" id="703">
        <animation effect="slide" start="0,0" end="-91,0" time="0" condition="String.IsEqual(Container(703).NumItems,2) | String.IsEqual(Container(703).NumItems,4)">conditional</animation>
        <visible>StringCompare(Window(10000).Property(AddonWidgetMode),3)</visible>
        <onleft>Dialog.Close(1113)</onleft>
        <onright>703</onright>
        <onup>9001</onup>
        <ondown>20</ondown>
        <include>HomeAddonsCommonLayout</include>
        <content>
          <include>HomeAddonItemsMusic</include>
        </content>
      </control>
      <control type="fixedlist" id="704">
        <animation effect="slide" start="0,0" end="-91,0" time="0" condition="String.IsEqual(Container(704).NumItems,2) | String.IsEqual(Container(704).NumItems,4)">conditional</animation>
        <visible>StringCompare(Window(10000).Property(AddonWidgetMode),4)</visible>
        <onleft>Dialog.Close(1113)</onleft>
        <onright>704</onright>
        <onup>9001</onup>
        <ondown>20</ondown>
        <include>HomeAddonsCommonLayout</include>
        <content>
          <include>HomeAddonItemsPictures</include>
        </content>
      </control>
      <control type="fixedlist" id="705">
        <visible>StringCompare(Window(10000).Property(AddonWidgetMode),1)</visible>
        <onleft>Dialog.Close(1113)</onleft>
        <onright>705</onright>
        <onup>9001</onup>
        <ondown>20</ondown>
        <include>HomeAddonsCommonLayout</include>
        <content>
          <include>HomeAddonItemsPrograms</include>
        </content>
      </control>
    </control>
  </controls>
</window>