﻿<?xml version="1.0" encoding="utf-8"?>
<window>
  <type>dialog</type>
  <id>1139</id>
  <defaultcontrol>203</defaultcontrol>
  <allowoverlay>yes</allowoverlay>
  <zorder_off>99</zorder_off>
  <visible_off>True</visible_off>
  <coordinates>
    <system>1</system>
    <posx>0</posx>
    <posy>0</posy>
  </coordinates>
  <controls>
    <control type="group">
      <animation effect="zoom" start="0,0" end="150,150" center="640,95" time="250" tween="Back" easing="Out">WindowOpen</animation>
      <animation effect="zoom" start="150,150" end="150,0" center="640,95" time="100">WindowClose</animation>
      <posy>95</posy>
      <!-- Background image -->
      <control type="image" id="100">
        <posx>278</posx>
        <width>723</width>
        <height>83</height>
        <texture border="45,0,45,49" colordiffuse="CCFFFFFF">bc-dialog-bottom.png</texture>
      </control>
      <!--Enter Button-->
      <control type="button" id="201">
        <posx>311</posx>
        <posy>0</posy>
        <width>130</width>
        <height>43</height>
        <font>font16caps</font>
        <align>center</align>
        <textcolor>FFEEEEFF</textcolor>
        <label>Set</label>
        <texturefocus border="9,0,2,9">bc-button-corner.png</texturefocus>
        <texturenofocus border="9,0,2,9">bc-button-corner-nofocus.png</texturenofocus>
        <onright>101</onright>
        <ondown>101</ondown>
      </control>
      <!-- Number buttons -->
      <control type="button" id="202">
        <posx>441</posx>
        <posy>0</posy>
        <height>43</height>
        <width>130</width>
        <font>font16caps</font>
        <align>center</align>
        <textcolor>FFEEEEFF</textcolor>
        <label>----</label>
        <texturefocus border="2,2,2,2">bc-button.png</texturefocus>
        <texturenofocus border="2,2,2,2">bc-button-nofocus.png</texturenofocus>
        <onright>103</onright>
        <onleft>101</onleft>
        <ondown>103</ondown>
        <onup>101</onup>
      </control>
      <control type="button" id="203">
        <posx>571</posx>
        <posy>0</posy>
        <height>43</height>
        <width>130</width>
        <font>font16caps</font>
        <align>center</align>
        <textcolor>FFEEEEFF</textcolor>
        <label>----</label>
        <texturefocus border="2,2,2,2">bc-button.png</texturefocus>
        <texturenofocus border="2,2,2,2">bc-button-nofocus.png</texturenofocus>
        <onright>103</onright>
        <onleft>101</onleft>
        <ondown>103</ondown>
        <onup>101</onup>
      </control>
      <control type="button" id="204">
        <posx>701</posx>
        <posy>0</posy>
        <height>43</height>
        <width>130</width>
        <font>font16caps</font>
        <align>center</align>
        <textcolor>FFEEEEFF</textcolor>
        <label>----</label>
        <texturefocus border="2,2,2,2">bc-button.png</texturefocus>
        <texturenofocus border="2,2,2,2">bc-button-nofocus.png</texturenofocus>
        <onright>103</onright>
        <onleft>101</onleft>
        <ondown>103</ondown>
        <onup>101</onup>
      </control>
      <!--Cancel Button-->
      <control type="button" id="205">
        <posx>831</posx>
        <posy>0</posy>
        <height>43</height>
        <width>130</width>
        <font>font16caps</font>
        <align>center</align>
        <textcolor>FFEEEEFF</textcolor>
        <label>Cancel</label>
        <texturefocus border="2,0,9,9" flipx="true">bc-button-corner.png</texturefocus>
        <texturenofocus border="2,0,9,9" flipx="true">bc-button-corner-nofocus.png</texturenofocus>
        <onleft>110</onleft>
        <onup>110</onup>
      </control>
    </control>
  </controls>
</window>