﻿<?xml version="1.0" encoding="utf-8"?>
<window>
  <defaultcontrol>111</defaultcontrol>
  <coordinates>
    <system>1</system>
    <posx>0</posx>
    <posy>0</posy>
  </coordinates>
  <type>window</type>
  <allowoverlay>no</allowoverlay>
  <controls>
    <!-- Background image and video file with an overlay -->
    <control type="group">
      <control type="image">
        <description>bg image</description>
        <width>1280</width>
        <height>720</height>
        <texture>special://home/addons/plugin.script.ibuscommunicator/resources/skins/Default/media/m5innen.jpg</texture>
        <visible>!Player.HasVideo</visible>
      </control>
      <control type="videowindow">
        <description>My first video control</description>
        <width>1280</width>
        <height>720</height>
        <visible>Player.HasVideo</visible>
      </control>
      <control type="image">
        <width>1280</width>
        <height>720</height>
        <texture>special://home/addons/plugin.script.ibuscommunicator/resources/skins/Default/media/Panel4.png</texture>
        <visible>true</visible>
      </control>
    </control>
    <!--Loader Animation-->
    <control type="image">
      <posx>512</posx>
      <posy>232</posy>
      <width>256</width>
      <height>256</height>
      <visible>!StringCompare(Window(10000).Property(IBUSCOMMUNICATOR_OBC_LOADED),1)</visible>
      <texture colordiffuse="CC2D6DC2">special://home/addons/plugin.script.ibuscommunicator/resources/skins/Default/media/preload.gif</texture>
    </control>
    <!--Top Bar-->
    <control type="group">
      <control type="image">
        <width>1280</width>
        <height>100</height>
        <texture>MediaInfoBackUpper.png</texture>
        <visible>true</visible>
      </control>
      <control type="group">
        <posx>0</posx>
        <posy>0</posy>
        <visible>StringCompare(Window(10000).Property(IBUSCOMMUNICATOR_OBC_LOADED),1)</visible>
        <!--Center Label-->
        <control type="label" id="200">
          <posx>300</posx>
          <posy>10</posy>
          <width>700</width>
          <font>font55caps_title</font>
          <align>center</align>
          <textcolor>FFEEEEFF</textcolor>
          <label></label>
        </control>
        <!--Left Right Buttons-->
        <control type="button" id="201">
          <posy>30</posy>
          <posx>200</posx>
          <width>48</width>
          <height>48</height>
          <visible>true</visible>
          <texturenofocus>ibuscommunicator_scroll-left-nofocus.png</texturenofocus>
          <texturefocus>ibuscommunicator_scroll-left-focus.png</texturefocus>
        </control>
        <control type="button" id="202">
          <posy>30</posy>
          <posx>1050</posx>
          <width>48</width>
          <height>48</height>
          <visible>true</visible>
          <texturenofocus>ibuscommunicator_scroll-right-nofocus.png</texturenofocus>
          <texturefocus>ibuscommunicator_scroll-right-focus.png</texturefocus>
        </control>
      </control>
    </control>
    <!-- OBC Labels and Buttons -->
    <!--10X = Left Indicator-->
    <!--11X = Left Button-->
    <!--12X = Right Label-->
    <control type="group" id="100">
      <!--Animation for Modeswitch-->
      <animation effect="slide" start="0,0" end="-1280,0" time="500" delay="0" tween="cubic" easing="InOut" reversible="false" condition="StringCompare(Window(10000).Property(IBUSCOMMUNICATOR_OBC_SLIDE),left_out)">Conditional</animation>
      <animation effect="slide" start="-1280,0" end="0,0" time="500" delay="0" tween="cubic" easing="InOut" reversible="false" condition="StringCompare(Window(10000).Property(IBUSCOMMUNICATOR_OBC_SLIDE),left_in)">Conditional</animation>
      <animation effect="slide" start="0,0" end="1280,0" time="500" delay="0" tween="cubic" easing="InOut" reversible="false" condition="StringCompare(Window(10000).Property(IBUSCOMMUNICATOR_OBC_SLIDE),right_out)">Conditional</animation>
      <animation effect="slide" start="1280,0" end="0,0" time="500" delay="0" tween="cubic" easing="InOut" reversible="false" condition="StringCompare(Window(10000).Property(IBUSCOMMUNICATOR_OBC_SLIDE),right_in)">Conditional</animation>
      <!-- OBC Buttons -->
      <control type="group">
        <posx>-1020</posx>
        <posy>150</posy>
        <control type="group">
          <animation effect="slide" start="0,0" end="1200,0" time="200" delay="0" tween="sine" condition="StringCompare(Window(10000).Property(IBUSCOMMUNICATOR_OBC_LOADED),1)" reversible="false">Conditional</animation>
          <animation effect="fade" end="0" time="100" delay="0">WindowClose</animation>
          <control type="button" id="111">
            <posy>0</posy>
            <width>950</width>
            <height>50</height>
            <texturefocus>MenuItemFO.png</texturefocus>
            <texturenofocus>MenuItemNF.png</texturenofocus>
            <font>font35_title</font>
            <textcolor>FFEEEEFF</textcolor>
            <disabledcolor>FFEEEEFF</disabledcolor>
            <align>left</align>
            <textoffsetx>50</textoffsetx>
            <pulseonselect>true</pulseonselect>
            <onclick>-</onclick>
            <label>Verbrauch 1</label>
          </control>
          <control type="image" id="101">
            <posx>-20</posx>
            <posy>2</posy>
            <width>46</width>
            <height>46</height>
            <texture>limit-active-logo.png</texture>
            <visible>true</visible>
          </control>
        </control>
        <control type="group">
          <animation effect="slide" start="0,0" end="1200,0" time="200" delay="100" tween="sine" condition="StringCompare(Window(10000).Property(IBUSCOMMUNICATOR_OBC_LOADED),1)" reversible="false">Conditional</animation>
          <animation effect="fade" end="0" time="100" delay="50">WindowClose</animation>
          <control type="button" id="112">
            <posy>60</posy>
            <width>950</width>
            <height>50</height>
            <texturefocus>MenuItemFO.png</texturefocus>
            <texturenofocus>MenuItemNF.png</texturenofocus>
            <font>font35_title</font>
            <textcolor>FFEEEEFF</textcolor>
            <disabledcolor>FFEEEEFF</disabledcolor>
            <align>left</align>
            <textoffsetx>50</textoffsetx>
            <pulseonselect>true</pulseonselect>
            <label>Verbrauch 2</label>
          </control>
          <control type="image" id="102">
            <posx>-20</posx>
            <posy>62</posy>
            <width>46</width>
            <height>46</height>
            <texture>limit-active-logo.png</texture>
            <visible>true</visible>
          </control>
        </control>
        <control type="group">
          <animation effect="slide" start="0,0" end="1200,0" time="200" delay="200" tween="sine" condition="StringCompare(Window(10000).Property(IBUSCOMMUNICATOR_OBC_LOADED),1)" reversible="false">Conditional</animation>
          <animation effect="fade" end="0" time="100" delay="100">WindowClose</animation>
          <control type="button" id="113">
            <posy>120</posy>
            <width>950</width>
            <height>50</height>
            <texturefocus>MenuItemFO.png</texturefocus>
            <texturenofocus>MenuItemNF.png</texturenofocus>
            <font>font35_title</font>
            <textcolor>FFEEEEFF</textcolor>
            <disabledcolor>FFEEEEFF</disabledcolor>
            <align>left</align>
            <textoffsetx>50</textoffsetx>
            <pulseonselect>true</pulseonselect>
            <label>Reichweite</label>
          </control>
          <control type="image" id="103">
            <posx>-20</posx>
            <posy>122</posy>
            <width>46</width>
            <height>46</height>
            <texture>limit-active-logo.png</texture>
            <visible>true</visible>
          </control>
        </control>
        <control type="group">
          <animation effect="slide" start="0,0" end="1200,0" time="200" delay="300" tween="sine" condition="StringCompare(Window(10000).Property(IBUSCOMMUNICATOR_OBC_LOADED),1)" reversible="false">Conditional</animation>
          <animation effect="fade" end="0" time="100" delay="150">WindowClose</animation>
          <control type="button" id="114">
            <posy>180</posy>
            <width>950</width>
            <height>50</height>
            <texturefocus>MenuItemFO.png</texturefocus>
            <texturenofocus>MenuItemNF.png</texturenofocus>
            <font>font35_title</font>
            <textcolor>FFEEEEFF</textcolor>
            <disabledcolor>FFEEEEFF</disabledcolor>
            <align>left</align>
            <textoffsetx>50</textoffsetx>
            <pulseonselect>true</pulseonselect>
            <onclick_off>ActivateWindow(1153)</onclick_off>
            <label>Distanz</label>
          </control>
          <control type="image" id="104">
            <posx>-20</posx>
            <posy>182</posy>
            <width>46</width>
            <height>46</height>
            <texture>limit-active-logo.png</texture>
            <visible>true</visible>
          </control>
        </control>
        <control type="group">
          <animation effect="slide" start="0,0" end="1200,0" time="200" delay="400" tween="sine" condition="StringCompare(Window(10000).Property(IBUSCOMMUNICATOR_OBC_LOADED),1)" reversible="false">Conditional</animation>
          <animation effect="fade" end="0" time="100" delay="200">WindowClose</animation>
          <control type="button" id="115">
            <posy>240</posy>
            <width>950</width>
            <height>50</height>
            <texturefocus>MenuItemFO.png</texturefocus>
            <texturenofocus>MenuItemNF.png</texturenofocus>
            <font>font35_title</font>
            <textcolor>FFEEEEFF</textcolor>
            <disabledcolor>FFEEEEFF</disabledcolor>
            <align>left</align>
            <textoffsetx>50</textoffsetx>
            <pulseonselect>true</pulseonselect>
            <label>Ankunft</label>
          </control>
          <control type="image" id="105">
            <posx>-20</posx>
            <posy>242</posy>
            <width>46</width>
            <height>46</height>
            <texture>limit-active-logo.png</texture>
            <visible>true</visible>
          </control>
        </control>
        <control type="group">
          <animation effect="slide" start="0,0" end="1200,0" time="200" delay="500" tween="sine" condition="StringCompare(Window(10000).Property(IBUSCOMMUNICATOR_OBC_LOADED),1)" reversible="false">Conditional</animation>
          <animation effect="fade" end="0" time="100" delay="250">WindowClose</animation>
          <control type="button" id="116">
            <posy>300</posy>
            <width>950</width>
            <height>50</height>
            <texturefocus>MenuItemFO.png</texturefocus>
            <texturenofocus>MenuItemNF.png</texturenofocus>
            <font>font35_title</font>
            <textcolor>FFEEEEFF</textcolor>
            <disabledcolor>FFEEEEFF</disabledcolor>
            <align>left</align>
            <textoffsetx>50</textoffsetx>
            <pulseonselect>true</pulseonselect>
            <label>Drehzahl</label>
          </control>
          <control type="image" id="106">
            <posx>-20</posx>
            <posy>302</posy>
            <width>46</width>
            <height>46</height>
            <texture>limit-active-logo.png</texture>
            <visible>true</visible>
          </control>
        </control>
        <control type="group">
          <animation effect="slide" start="0,0" end="1200,0" time="200" delay="600" tween="sine" condition="StringCompare(Window(10000).Property(IBUSCOMMUNICATOR_OBC_LOADED),1)" reversible="false">Conditional</animation>
          <animation effect="fade" end="0" time="100" delay="300">WindowClose</animation>
          <control type="button" id="117">
            <posy>360</posy>
            <width>950</width>
            <height>50</height>
            <texturefocus>MenuItemFO.png</texturefocus>
            <texturenofocus>MenuItemNF.png</texturenofocus>
            <font>font35_title</font>
            <textcolor>FFEEEEFF</textcolor>
            <disabledcolor>FFEEEEFF</disabledcolor>
            <align>left</align>
            <textoffsetx>50</textoffsetx>
            <pulseonselect>true</pulseonselect>
            <onclick_off>Skin.ToggleSetting(IBUSCOMMUNICATOR_OBC_LIMIT)</onclick_off>
            <label>Akt. Geschwindigkeit</label>
          </control>
          <control type="image" id="107">
            <posx>-20</posx>
            <posy>362</posy>
            <width>46</width>
            <height>46</height>
            <texture>limit-active-logo.png</texture>
            <visible>true</visible>
          </control>
        </control>
        <control type="group">
          <animation effect="slide" start="0,0" end="1200,0" time="200" delay="700" tween="sine" condition="StringCompare(Window(10000).Property(IBUSCOMMUNICATOR_OBC_LOADED),1)" reversible="false">Conditional</animation>
          <animation effect="fade" end="0" time="100" delay="300">WindowClose</animation>
          <control type="button" id="118">
            <posy>420</posy>
            <width>950</width>
            <height>50</height>
            <texturefocus>MenuItemFO.png</texturefocus>
            <texturenofocus>MenuItemNF.png</texturenofocus>
            <font>font35_title</font>
            <textcolor>FFEEEEFF</textcolor>
            <disabledcolor>FFEEEEFF</disabledcolor>
            <align>left</align>
            <textoffsetx>50</textoffsetx>
            <pulseonselect>true</pulseonselect>
            <onclick_off>Skin.ToggleSetting(IBUSCOMMUNICATOR_OBC_MEMO)</onclick_off>
            <label>Kühlwassertemperatur</label>
          </control>
          <control type="image" id="108">
            <posx>-20</posx>
            <posy>422</posy>
            <width>46</width>
            <height>46</height>
            <texture>limit-active-logo.png</texture>
            <visible>true</visible>
          </control>
        </control>
      </control>
      <!-- OBC Labels  -->
      <control type="group">
        <posx>1660</posx>
        <posy>147</posy>
        <control type="label" id="121">
          <posy>0</posy>
          <width>400</width>
          <height>50</height>
          <font>font35_title</font>
          <align>right</align>
          <textcolor>FFEEEEFF</textcolor>
          <disabledcolor>FFEEEEFF</disabledcolor>
          <label>$INFO[Window(10000).Property(IBUSCOMMUNICATOR_OBC_CONS1)]</label>
          <animation effect="slide" start="0,0" end="-1000,0" time="200" delay="0" tween="sine" condition="StringCompare(Window(10000).Property(IBUSCOMMUNICATOR_OBC_LOADED),1)" reversible="false">Conditional</animation>
          <animation effect="fade" end="0" time="100" delay="0">WindowClose</animation>
        </control>
        <control type="label" id="122">
          <posy>60</posy>
          <width>400</width>
          <height>50</height>
          <font>font35_title</font>
          <align>right</align>
          <textcolor>FFEEEEFF</textcolor>
          <disabledcolor>FFEEEEFF</disabledcolor>
          <label>$INFO[Window(10000).Property(IBUSCOMMUNICATOR_OBC_CONS2)]</label>
          <animation effect="slide" start="0,0" end="-1000,0" time="200" delay="100" tween="sine" condition="StringCompare(Window(10000).Property(IBUSCOMMUNICATOR_OBC_LOADED),1)" reversible="false">Conditional</animation>
          <animation effect="fade" end="0" time="100" delay="50">WindowClose</animation>
        </control>
        <control type="label" id="123">
          <posy>120</posy>
          <width>400</width>
          <height>50</height>
          <font>font35_title</font>
          <align>right</align>
          <textcolor>FFEEEEFF</textcolor>
          <disabledcolor>FFEEEEFF</disabledcolor>
          <label>$INFO[Window(10000).Property(IBUSCOMMUNICATOR_OBC_RANGE)]</label>
          <animation effect="slide" start="0,0" end="-1000,0" time="200" delay="200" tween="sine" condition="StringCompare(Window(10000).Property(IBUSCOMMUNICATOR_OBC_LOADED),1)" reversible="false">Conditional</animation>
          <animation effect="fade" end="0" time="100" delay="100">WindowClose</animation>
        </control>
        <control type="label" id="124">
          <posy>180</posy>
          <width>400</width>
          <height>50</height>
          <font>font35_title</font>
          <align>right</align>
          <textcolor>FFEEEEFF</textcolor>
          <disabledcolor>FFEEEEFF</disabledcolor>
          <label>$INFO[Window(10000).Property(IBUSCOMMUNICATOR_OBC_DIST)]</label>
          <animation effect="slide" start="0,0" end="-1000,0" time="200" delay="300" tween="sine" condition="StringCompare(Window(10000).Property(IBUSCOMMUNICATOR_OBC_LOADED),1)" reversible="false">Conditional</animation>
          <animation effect="fade" end="0" time="100" delay="150">WindowClose</animation>
        </control>
        <control type="label" id="125">
          <posy>240</posy>
          <width>400</width>
          <height>50</height>
          <font>font35_title</font>
          <align>right</align>
          <textcolor>FFEEEEFF</textcolor>
          <disabledcolor>FFEEEEFF</disabledcolor>
          <label>$INFO[Window(10000).Property(IBUSCOMMUNICATOR_OBC_ARRIV)]</label>
          <animation effect="slide" start="0,0" end="-1000,0" time="200" delay="400" tween="sine" condition="StringCompare(Window(10000).Property(IBUSCOMMUNICATOR_OBC_LOADED),1)" reversible="false">Conditional</animation>
          <animation effect="fade" end="0" time="100" delay="200">WindowClose</animation>
        </control>
        <control type="label" id="126">
          <posy>300</posy>
          <width>400</width>
          <height>50</height>
          <font>font35_title</font>
          <align>right</align>
          <textcolor>FFEEEEFF</textcolor>
          <disabledcolor>FFEEEEFF</disabledcolor>
          <label>$INFO[Window(10000).Property(IBUSCOMMUNICATOR_OBC_RPM)]</label>
          <animation effect="fade" end="0" time="100" delay="250">WindowClose</animation>
          <animation effect="slide" start="0,0" end="-1000,0" time="200" delay="500" tween="sine" condition="StringCompare(Window(10000).Property(IBUSCOMMUNICATOR_OBC_LOADED),1)" reversible="false">Conditional</animation>
        </control>
        <control type="label" id="127">
          <posy>360</posy>
          <width>400</width>
          <height>50</height>
          <font>font35_title</font>
          <align>right</align>
          <textcolor>FFEEEEFF</textcolor>
          <disabledcolor>FFEEEEFF</disabledcolor>
          <label>$INFO[Window(10000).Property(IBUSCOMMUNICATOR_OBC_SPEED_KMH)]</label>
          <animation effect="slide" start="0,0" end="-1000,0" time="200" delay="600" tween="sine" condition="StringCompare(Window(10000).Property(IBUSCOMMUNICATOR_OBC_LOADED),1)" reversible="false">Conditional</animation>
          <animation effect="fade" end="0" time="100" delay="300">WindowClose</animation>
        </control>
        <control type="label" id="128">
          <posy>420</posy>
          <width>400</width>
          <height>50</height>
          <font>font35_title</font>
          <align>right</align>
          <textcolor>FFEEEEFF</textcolor>
          <disabledcolor>FFEEEEFF</disabledcolor>
          <label>$INFO[Window(10000).Property(IBUSCOMMUNICATOR_OBC_COOLANTTEMP)]</label>
          <animation effect="slide" start="0,0" end="-1000,0" time="200" delay="700" tween="sine" condition="StringCompare(Window(10000).Property(IBUSCOMMUNICATOR_OBC_LOADED),1)" reversible="false">Conditional</animation>
          <animation effect="fade" end="0" time="100" delay="350">WindowClose</animation>
        </control>
      </control>
    </control>
    <!--Gauges-->
    <control type="group">
      <animation effect="slide" start="0,0" end="-1280,0" time="400" delay="0" tween="cubic" easing="InOut" reversible="true" condition="StringCompare(Window(10000).Property(IBUSCOMMUNICATOR_OBC_GAUGES),1)">Conditional</animation>
      <posx>1280</posx>
      <posy>0</posy>
      <!--Left Gauge-->
      <control type="group">
        <animation effect="fade" start="0" end="100" time="300" delay="200">WindowOpen</animation>
        <animation effect="fade" end="0" time="200" delay="150">WindowClose</animation>
        <control type="image">
          <posx>25</posx>
          <posy>210</posy>
          <width>450</width>
          <height>450</height>
          <texture>special://home/addons/plugin.script.ibuscommunicator/resources/skins/Default/media/gauges/IBusOBCSPEED_KMH_bg.png</texture>
        </control>
        <control type="image" id="203">
          <posx>25</posx>
          <posy>210</posy>
          <width>450</width>
          <height>450</height>
          <texture>special://home/addons/plugin.script.ibuscommunicator/resources/skins/Default/media/gauges/grad/IBusOBCGAUGE_pin_045.png</texture>
        </control>
        <control type="image">
          <posx>25</posx>
          <posy>210</posy>
          <width>450</width>
          <height>450</height>
          <texture>special://home/addons/plugin.script.ibuscommunicator/resources/skins/Default/media/gauges/IBusOBCGAUGE_knob.png</texture>
        </control>
        <control type="label" id="213">
          <posx>25</posx>
          <posy>570</posy>
          <width>450</width>
          <height>100</height>
          <font>BMW_100</font>
          <align>center</align>
          <textcolor>FFEEEEFF</textcolor>
          <label>$NUMBER[8888]</label>
        </control>
      </control>
      <!--Mid Gauge-->
      <control type="group">
        <animation effect="fade" start="0" end="100" time="300" delay="500">WindowOpen</animation>
        <animation effect="fade" end="0" time="200" delay="0">WindowClose</animation>
        <control type="image">
          <posx>470</posx>
          <posy>110</posy>
          <width>340</width>
          <height>340</height>
          <texture>special://home/addons/plugin.script.ibuscommunicator/resources/skins/Default/media/gauges/IBusCOLTEMP_C_bg.png</texture>
        </control>
        <control type="image" id="204">
          <posx>470</posx>
          <posy>110</posy>
          <width>340</width>
          <height>340</height>
          <texture>special://home/addons/plugin.script.ibuscommunicator/resources/skins/Default/media/gauges/grad/IBusOBCGAUGE_pin_101.png</texture>
        </control>
        <control type="image">
          <posx>470</posx>
          <posy>110</posy>
          <width>340</width>
          <height>340</height>
          <texture>special://home/addons/plugin.script.ibuscommunicator/resources/skins/Default/media/gauges/IBusOBCGAUGE_knob.png</texture>
        </control>
        <control type="label" id="214">
          <posx>470</posx>
          <posy>380</posy>
          <width>340</width>
          <height>60</height>
          <font>BMW_60</font>
          <align>center</align>
          <textcolor>FFEEEEFF</textcolor>
          <label>$NUMBER[8888]</label>
        </control>
      </control>
      <!--Right Gauge-->
      <control type="group">
        <animation effect="fade" start="0" end="100" time="300" delay="200">WindowOpen</animation>
        <animation effect="fade" end="0" time="200" delay="150">WindowClose</animation>
        <control type="image">
          <posx>805</posx>
          <posy>210</posy>
          <width>450</width>
          <height>450</height>
          <texture>special://home/addons/plugin.script.ibuscommunicator/resources/skins/Default/media/gauges/IBusOBCRPM_P_bg.png</texture>
        </control>
        <control type="image" id="205">
          <posx>805</posx>
          <posy>210</posy>
          <width>450</width>
          <height>450</height>
          <texture>special://home/addons/plugin.script.ibuscommunicator/resources/skins/Default/media/gauges/grad/IBusOBCGAUGE_pin_040.png</texture>
        </control>
        <control type="image">
          <posx>805</posx>
          <posy>210</posy>
          <width>450</width>
          <height>450</height>
          <texture>special://home/addons/plugin.script.ibuscommunicator/resources/skins/Default/media/gauges/IBusOBCGAUGE_knob.png</texture>
        </control>
        <control type="label" id="215">
          <posx>805</posx>
          <posy>570</posy>
          <width>450</width>
          <height>100</height>
          <font>BMW_100</font>
          <align>center</align>
          <textcolor>FFEEEEFF</textcolor>
          <label>$NUMBER[8888]</label>
        </control>
      </control>
      <!--M-LOGO-->
      <control type="group">
        <animation effect="fade" start="0" end="100" time="300" delay="1200">WindowOpen</animation>
        <animation effect="fade" end="0" time="300" delay="300">WindowClose</animation>
        <control type="image">
          <posx>450</posx>
          <posy>520</posy>
          <width>350</width>
          <height>110</height>
          <aspectratio>stretch</aspectratio>
          <texture>special://home/addons/plugin.script.ibuscommunicator/resources/skins/Default/media/M_LOGO.png</texture>
        </control>
      </control>
    </control>
    <!-- Bottom Info Line -->
    <control type="group">
      <visible>StringCompare(Window(10000).Property(IBUSCOMMUNICATOR_OBC_LOADED),1)</visible>
      <control type="label">
        <posy>50r</posy>
        <posx>20</posx>
        <width>1000</width>
        <height>50</height>
        <align>left</align>
        <font>font30</font>
        <textcolor>white</textcolor>
        <shadowcolor>black</shadowcolor>
        <label>[COLOR=grey]$INFO[System.Date][/COLOR] | $INFO[System.Time]</label>
      </control>
      <control type="label" id="210">
        <posx>450r</posx>
        <posy>50r</posy>
        <width>450</width>
        <font>font30</font>
        <align>left</align>
        <textcolor>FFEEEEFF</textcolor>
        <label>[COLOR=grey]Aussentemperatur[/COLOR] | </label>
      </control>
      <control type="label" id="211">
        <posy>50r</posy>
        <posx>20r</posx>
        <width>200</width>
        <font>font30</font>
        <align>right</align>
        <textcolor>FFEEEEFF</textcolor>
        <label>$INFO[Window(10000).Property(IBUSCOMMUNICATOR_OBC_OUTTEMP)]</label>
      </control>
    </control>
  </controls>
</window>