﻿<?xml version="1.0" encoding="utf-8" standalone="yes"?>
<addon id="plugin.script.ibuscommunicator" name="IBusCommunicator" version="1.1.1" provider-name="harryberlin">
  <requires>
    <import addon="xbmc.python" version="2.1.0" />
  </requires>
  <extension point="xbmc.python.script" library="default.py" />
  <extension point="xbmc.service" start="login" library="service.py" />
  <extension point="xbmc.addon.metadata">
    <platform>linux</platform>
    <summary lang="en">IBus Communication for BMW</summary>
    <description lang="en">Addon for controlling Raspberry Pi with original BMW (E46, E39, E53,...) with Professional Navigation System. Radio BM24, BM54 and 16:9 Bordscreen.</description>
    <forum>http://www.bmwraspcontrol.de/board/showthread.php?tid=295</forum>
    <email>christian383@arcor.de</email>
    <source>not released at the moment</source>
  </extension>
</addon>