﻿<?xml version="1.0" encoding="utf-8"?>
<colors>
  <color name="white" menutextcolor="true">FFFFFFFF</color>
  <color name="grey">FFb4b4b4</color>
  <color name="grey2">FF999999</color>
  <color name="grey3">FF505050</color>
  <color name="black">FF000000</color>
  <color name="blue" menutextcolor="true">FF0084ff</color>
  <color name="selected" menutextcolor="true">FFEB9E17</color>
  <color name="BMW Amber" menutextcolor="true">FFFF7E00</color>
  <color name="BMW M blue" menutextcolor="true">ff0072ce</color>
  <color name="BMW M darkblue" menutextcolor="true">ff0c2340</color>
  <color name="BMW M red" menutextcolor="true">ffc8102e</color>
</colors>