﻿<?xml version="1.0" encoding="utf-8"?>
<includes>
  <include name="HomeMenuItems">
    <item id="1">
      <label>31957</label>
      <onclick condition="!System.Platform.Android">ActivateWindow(Programs,Addons,return)</onclick>
      <onclick condition="System.Platform.Android">ActivateWindow(Programs)</onclick>
      <icon>special://skin/backgrounds/programs.jpg</icon>
      <thumb>-</thumb>
      <visible>!Skin.HasSetting(HomeMenuNoProgramsButton)</visible>
    </item>
    <item id="7">
      <label>31950</label>
      <onclick condition="!String.IsEmpty(Weather.Plugin)">ActivateWindow(Weather)</onclick>
      <onclick condition="String.IsEmpty(Weather.Plugin)">ActivateWindow(servicesettings,weather)</onclick>
      <icon>special://skin/backgrounds/weather.jpg</icon>
      <thumb>-</thumb>
      <visible>!Skin.HasSetting(HomeMenuNoWeatherButton)</visible>
    </item>
    <item id="4">
      <label>31951</label>
      <onclick>ActivateWindow(Pictures)</onclick>
      <icon>special://skin/backgrounds/pictures.jpg</icon>
      <thumb>-</thumb>
      <visible>!Skin.HasSetting(HomeMenuNoPicturesButton)</visible>
    </item>
    <item id="13">
      <label>31960</label>
      <onclick>ActivateWindow(RadioChannels)</onclick>
      <icon>special://skin/backgrounds/radio.jpg</icon>
      <thumb>-</thumb>
      <visible>PVR.HasRadioChannels</visible>
    </item>
    <item id="12">
      <label>31952</label>
      <onclick>ActivateWindow(TVChannels)</onclick>
      <icon>special://skin/backgrounds/tv.jpg</icon>
      <thumb>-</thumb>
      <visible>PVR.HasTVChannels</visible>
    </item>
    <item id="2">
      <label>31953</label>
      <onclick condition="String.IsEqual(Window.Property(VideosDirectLink),True)">ActivateWindow(Videos)</onclick>
      <onclick condition="!String.IsEqual(Window.Property(VideosDirectLink),True)">ActivateWindow(Videos,root)</onclick>
      <icon>special://skin/backgrounds/videos.jpg</icon>
      <thumb>-</thumb>
      <visible>!Skin.HasSetting(HomeMenuNoVideosButton)</visible>
    </item>
    <item id="10">
      <label>31954</label>
      <onclick>ActivateWindow(Videos,MovieTitles,return)</onclick>
      <icon>special://skin/backgrounds/videos.jpg</icon>
      <thumb>-</thumb>
      <visible>!Skin.HasSetting(HomeMenuNoMovieButton) + Library.HasContent(Movies)</visible>
    </item>
    <item id="11">
      <label>31955</label>
      <onclick>ActivateWindow(Videos,TVShowTitles,return)</onclick>
      <icon>special://skin/backgrounds/videos.jpg</icon>
      <thumb>-</thumb>
      <visible>!Skin.HasSetting(HomeMenuNoTVShowButton) + Library.HasContent(TVShows)</visible>
    </item>
    <item id="3">
      <label>31956</label>
      <onclick condition="String.IsEqual(Window.Property(MusicDirectLink),True)">ActivateWindow(Music)</onclick>
      <onclick condition="!String.IsEqual(Window.Property(MusicDirectLink),True)">ActivateWindow(Music,root)</onclick>
      <icon>special://skin/backgrounds/music.jpg</icon>
      <thumb>-</thumb>
      <visible>!Skin.HasSetting(HomeMenuNoMusicButton)</visible>
    </item>
    <item>
      <label>PLAYER</label>
      <visible>Player.HasAudio | Player.HasVideo | VideoPlayer.Content(LiveTV)</visible>
      <onclick>ActivateWindow(1135)</onclick>
      <onclick_off>ActivateWindow(playercontrols)</onclick_off>
      <icon>$VAR[PlayerControlBG]</icon>
    </item>
    <item>
      <label>ON-BOARD</label>
      <label_off>$ADDON[plugin.script.ibuscommunicator 32071]</label_off>
      <onclick condition="System.HasAddon(plugin.script.ibuscommunicator)">XBMC.RunScript(plugin.script.ibuscommunicator,obc)</onclick>
      <icon>special://skin/backgrounds/bordcomputer.jpg</icon>
      <thumb>-</thumb>
      <visible>System.HasAddon(plugin.script.ibuscommunicator)</visible>
    </item>
    <item id="18">
      <label>SERVICES</label>
      <onclick>XBMC.RunScript(script.bmwdsa)</onclick>
      <icon>special://home/addons/script.bmwdsa/fanart.jpg</icon>
      <thumb>-</thumb>
      <visible>System.HasAddon(script.bmwdsa)</visible>
    </item>
    <item id="6">
      <label>31958</label>
      <onclick>PlayDVD()</onclick>
      <icon>special://skin/backgrounds/playdisc.jpg</icon>
      <thumb>-</thumb>
      <visible>System.HasMediaDVD</visible>
    </item>
    <item id="5">
      <label>31959</label>
      <onclick>ActivateWindow(Settings)</onclick>
      <icon>special://skin/backgrounds/settings.jpg</icon>
      <thumb>-</thumb>
    </item>
    <item id="15">
      <label>[UPPERCASE]$LOCALIZE[1036][/UPPERCASE]</label>
      <onclick>ActivateWindow(Favourites)</onclick>
      <icon>special://skin/backgrounds/favoriten.jpg</icon>
      <thumb>-</thumb>
      <visible>!Skin.HasSetting(HomeMenuNoFavouritesButton)</visible>
    </item>
    <item id="17">
      <label>[UPPERCASE]$LOCALIZE[13376][/UPPERCASE]</label>
      <onclick>right</onclick>
      <icon>special://skin/backgrounds/volume.jpg</icon>
      <thumb>-</thumb>
      <visible>!Skin.HasSetting(HomeMenuNoVolumeButton)</visible>
    </item>
    <item id="16">
      <label>[UPPERCASE]$LOCALIZE[33060][/UPPERCASE]</label>
      <onclick>ActivateWindow(ShutdownMenu)</onclick>
      <icon>special://skin/backgrounds/power.jpg</icon>
      <thumb>-</thumb>
      <visible>!Skin.HasSetting(HomeMenuNoPowerButton)</visible>
    </item>
  </include>
  <include name="HomeSubMenuVideos">
    <control type="button" id="90102">
      <include>ButtonHomeSubCommonValues</include>
      <label>342</label>
      <onclick>ActivateWindow(Videos,MovieTitles,return)</onclick>
      <visible>Library.HasContent(Movies) + Skin.HasSetting(HomeMenuNoMovieButton)</visible>
    </control>
    <control type="button" id="90103">
      <include>ButtonHomeSubCommonValues</include>
      <label>20343</label>
      <onclick>ActivateWindow(Videos,TvShowTitles,return)</onclick>
      <visible>Library.HasContent(TVShows) + Skin.HasSetting(HomeMenuNoTVShowButton)</visible>
    </control>
    <control type="button" id="90104">
      <include>ButtonHomeSubCommonValues</include>
      <label>20389</label>
      <onclick>ActivateWindow(Videos,MusicVideoTitles,return)</onclick>
      <visible>Library.HasContent(MusicVideos)</visible>
    </control>
    <control type="button" id="90105">
      <include>ButtonHomeSubCommonValues</include>
      <label>744</label>
      <onclick>ActivateWindow(Videos,Files,return)</onclick>
    </control>
    <control type="button" id="90106">
      <include>ButtonHomeSubCommonValues</include>
      <label>14022</label>
      <onclick>ActivateWindow(Videos,Root)</onclick>
      <visible>Library.HasContent(Video)</visible>
    </control>
    <control type="button" id="90107">
      <include>ButtonHomeSubCommonValues</include>
      <label>24001</label>
      <onclick>ActivateWindow(Videos,Addons,return)</onclick>
    </control>
    <control type="button" id="90108">
      <label>Addon Widgets</label>
      <onclick>SetProperty(AddonWidgetMode,2,10000)</onclick>
      <onright>SetProperty(AddonWidgetMode,2,10000)</onright>
      <onclick>ActivateWindow(1113)</onclick>
      <onright>ActivateWindow(1113)</onright>
      <include>ButtonHomeSubCommonValues</include>
      <visible>!Skin.HasSetting(MainMenuHorizontal) + [!String.IsEmpty(Skin.String(HomeVideosButton1))|!String.IsEmpty(Skin.String(HomeVideosButton2))|!String.IsEmpty(Skin.String(HomeVideosButton3))|!String.IsEmpty(Skin.String(HomeVideosButton4))|!String.IsEmpty(Skin.String(HomeVideosButton5))]</visible>
    </control>
    <control type="button" id="90109">
      <include>ButtonHomeSubCommonValues</include>
      <label>31059</label>
      <onclick>ActivateWindow(videoplaylist)</onclick>
      <visible>Player.HasVideo</visible>
    </control>
  </include>
  <include name="HomeSubMenuMovies">
    <control type="button" id="90162">
      <include>ButtonHomeSubCommonValues</include>
      <label>$INFO[Container(90160).ListItemNoWrap(0).Label]</label>
      <onclick>ActivateWindow(Videos,$INFO[Container(90160).ListItemNoWrap(0).FileNameAndPath],return)</onclick>
    </control>
    <control type="button" id="90163">
      <include>ButtonHomeSubCommonValues</include>
      <label>$INFO[Container(90160).ListItemNoWrap(1).Label]</label>
      <onclick>ActivateWindow(Videos,$INFO[Container(90160).ListItemNoWrap(1).FileNameAndPath],return)</onclick>
      <visible>!String.IsEmpty(Container(90160).ListItemNoWrap(1).Label)</visible>
    </control>
    <control type="button" id="90164">
      <include>ButtonHomeSubCommonValues</include>
      <label>$INFO[Container(90160).ListItemNoWrap(2).Label]</label>
      <onclick>ActivateWindow(Videos,$INFO[Container(90160).ListItemNoWrap(2).FileNameAndPath],return)</onclick>
      <visible>!String.IsEmpty(Container(90160).ListItemNoWrap(2).Label)</visible>
    </control>
    <control type="button" id="90165">
      <include>ButtonHomeSubCommonValues</include>
      <label>$INFO[Container(90160).ListItemNoWrap(3).Label]</label>
      <onclick>ActivateWindow(Videos,$INFO[Container(90160).ListItemNoWrap(3).FileNameAndPath],return)</onclick>
      <visible>!String.IsEmpty(Container(90160).ListItemNoWrap(3).Label)</visible>
    </control>
    <control type="button" id="90166">
      <include>ButtonHomeSubCommonValues</include>
      <label>$INFO[Container(90160).ListItemNoWrap(4).Label]</label>
      <onclick>ActivateWindow(Videos,$INFO[Container(90160).ListItemNoWrap(4).FileNameAndPath],return)</onclick>
      <visible>!String.IsEmpty(Container(90160).ListItemNoWrap(4).Label)</visible>
    </control>
    <control type="button" id="90167">
      <include>ButtonHomeSubCommonValues</include>
      <label>$INFO[Container(90160).ListItemNoWrap(5).Label]</label>
      <onclick>ActivateWindow(Videos,$INFO[Container(90160).ListItemNoWrap(5).FileNameAndPath],return)</onclick>
      <visible>!String.IsEmpty(Container(90160).ListItemNoWrap(5).Label)</visible>
    </control>
  </include>
  <include name="HomeSubMenuTVShows">
    <control type="button" id="90172">
      <include>ButtonHomeSubCommonValues</include>
      <label>$INFO[Container(90170).ListItemNoWrap(0).Label]</label>
      <onclick>ActivateWindow(Videos,$INFO[Container(90170).ListItemNoWrap(0).FileNameAndPath],return)</onclick>
    </control>
    <control type="button" id="90173">
      <include>ButtonHomeSubCommonValues</include>
      <label>$INFO[Container(90170).ListItemNoWrap(1).Label]</label>
      <onclick>ActivateWindow(Videos,$INFO[Container(90170).ListItemNoWrap(1).FileNameAndPath],return)</onclick>
      <visible>!String.IsEmpty(Container(90170).ListItemNoWrap(1).Label)</visible>
    </control>
    <control type="button" id="90174">
      <include>ButtonHomeSubCommonValues</include>
      <label>$INFO[Container(90170).ListItemNoWrap(2).Label]</label>
      <onclick>ActivateWindow(Videos,$INFO[Container(90170).ListItemNoWrap(2).FileNameAndPath],return)</onclick>
      <visible>!String.IsEmpty(Container(90170).ListItemNoWrap(2).Label)</visible>
    </control>
    <control type="button" id="90175">
      <include>ButtonHomeSubCommonValues</include>
      <label>$INFO[Container(90170).ListItemNoWrap(3).Label]</label>
      <onclick>ActivateWindow(Videos,$INFO[Container(90170).ListItemNoWrap(3).FileNameAndPath],return)</onclick>
      <visible>!String.IsEmpty(Container(90170).ListItemNoWrap(3).Label)</visible>
    </control>
    <control type="button" id="90176">
      <include>ButtonHomeSubCommonValues</include>
      <label>$INFO[Container(90170).ListItemNoWrap(4).Label]</label>
      <onclick>ActivateWindow(Videos,$INFO[Container(90170).ListItemNoWrap(4).FileNameAndPath],return)</onclick>
      <visible>!String.IsEmpty(Container(90170).ListItemNoWrap(4).Label)</visible>
    </control>
    <control type="button" id="90177">
      <include>ButtonHomeSubCommonValues</include>
      <label>$INFO[Container(90170).ListItemNoWrap(5).Label]</label>
      <onclick>ActivateWindow(Videos,$INFO[Container(90170).ListItemNoWrap(5).FileNameAndPath],return)</onclick>
      <visible>!String.IsEmpty(Container(90170).ListItemNoWrap(5).Label)</visible>
    </control>
  </include>
  <include name="HomeSubMenuMusic">
    <control type="button" id="90112">
      <include>ButtonHomeSubCommonValues</include>
      <label>$INFO[Container(90110).ListItemNoWrap(0).Label]</label>
      <onclick>ActivateWindow(Music,$INFO[Container(90110).ListItemNoWrap(0).FileNameAndPath],return)</onclick>
    </control>
    <control type="button" id="90113">
      <include>ButtonHomeSubCommonValues</include>
      <label>$INFO[Container(90110).ListItemNoWrap(1).Label]</label>
      <onclick>ActivateWindow(Music,$INFO[Container(90110).ListItemNoWrap(1).FileNameAndPath],return)</onclick>
      <visible>!String.IsEmpty(Container(90110).ListItemNoWrap(1).Label)</visible>
    </control>
    <control type="button" id="90114">
      <include>ButtonHomeSubCommonValues</include>
      <label>$INFO[Container(90110).ListItemNoWrap(2).Label]</label>
      <onclick>ActivateWindow(Music,$INFO[Container(90110).ListItemNoWrap(2).FileNameAndPath],return)</onclick>
      <visible>!String.IsEmpty(Container(90110).ListItemNoWrap(2).Label)</visible>
    </control>
    <control type="button" id="90115">
      <include>ButtonHomeSubCommonValues</include>
      <label>$INFO[Container(90110).ListItemNoWrap(3).Label]</label>
      <onclick>ActivateWindow(Music,$INFO[Container(90110).ListItemNoWrap(3).FileNameAndPath],return)</onclick>
      <visible>!String.IsEmpty(Container(90110).ListItemNoWrap(3).Label)</visible>
    </control>
    <control type="button" id="90116">
      <include>ButtonHomeSubCommonValues</include>
      <label>$INFO[Container(90110).ListItemNoWrap(4).Label]</label>
      <onclick>ActivateWindow(Music,$INFO[Container(90110).ListItemNoWrap(4).FileNameAndPath],return)</onclick>
      <visible>!String.IsEmpty(Container(90110).ListItemNoWrap(4).Label)</visible>
    </control>
    <control type="button" id="90117">
      <include>ButtonHomeSubCommonValues</include>
      <label>$INFO[Container(90110).ListItemNoWrap(5).Label]</label>
      <onclick>ActivateWindow(Music,$INFO[Container(90110).ListItemNoWrap(5).FileNameAndPath],return)</onclick>
      <visible>!String.IsEmpty(Container(90110).ListItemNoWrap(5).Label)</visible>
    </control>
    <control type="button" id="90119">
      <label>Addon Widgets</label>
      <onright>SetProperty(AddonWidgetMode,3,10000)</onright>
      <onclick>SetProperty(AddonWidgetMode,3,10000)</onclick>
      <onright>ActivateWindow(1113)</onright>
      <onclick>ActivateWindow(1113)</onclick>
      <include>ButtonHomeSubCommonValues</include>
      <visible>!Skin.HasSetting(MainMenuHorizontal) + [!String.IsEmpty(Skin.String(HomeMusicButton1))|!String.IsEmpty(Skin.String(HomeMusicButton2))|!String.IsEmpty(Skin.String(HomeMusicButton3))|!String.IsEmpty(Skin.String(HomeMusicButton4))|!String.IsEmpty(Skin.String(HomeMusicButton5))]</visible>
    </control>
    <control type="button" id="90118">
      <include>ButtonHomeSubCommonValues</include>
      <label>31059</label>
      <onclick>ActivateWindow(musicplaylist)</onclick>
      <visible>Player.HasAudio</visible>
    </control>
  </include>
  <include name="HomeSubMenuSystem">
    <control type="button" id="90122">
      <include>ButtonHomeSubCommonValues</include>
      <label>5</label>
      <onclick>ActivateWindow(Settings)</onclick>
    </control>
    <control type="button" id="90120">
      <include>ButtonHomeSubCommonValues</include>
      <label>LibreELEC</label>
      <onclick>RunAddon(service.libreelec.settings)</onclick>
      <visible>System.HasAddon(service.libreelec.settings)</visible>
    </control>
    <control type="button" id="90123">
      <include>ButtonHomeSubCommonValues</include>
      <label>7</label>
      <onclick>ActivateWindow(FileManager)</onclick>
    </control>
    <control type="button" id="90124">
      <include>ButtonHomeSubCommonValues</include>
      <label>13200</label>
      <onclick>ActivateWindow(Profiles)</onclick>
    </control>
    <control type="button" id="90125">
      <include>ButtonHomeSubCommonValues</include>
      <label>130</label>
      <onclick>ActivateWindow(SystemInfo)</onclick>
    </control>
    <control type="button" id="90126">
      <include>ButtonHomeSubCommonValues</include>
      <label>14111</label>
      <onclick>ActivateWindow(EventLog,events://,return)</onclick>
      <visible>system.getbool(eventlog.enabled)</visible>
    </control>
    <control type="button" id="90127">
      <include>ButtonHomeSubCommonValues</include>
      <label>14261</label>
      <onclick>ActivateWindow(SkinSettings)</onclick>
    </control>
    <control type="button" id="90128">
      <include>ButtonHomeSubCommonValues</include>
      <label>My OSMC</label>
      <onclick>left</onclick>
      <onclick>RunScript(service.osmc.settings)</onclick>
      <visible>System.HasAddon(service.osmc.settings)</visible>
    </control>
  </include>
  <include name="HomeSubMenuPlayDisc">
    <control type="button" id="90132">
      <include>ButtonHomeSubCommonValues</include>
      <label>13391</label>
      <onclick>SetFocus(9000)</onclick>
      <onclick>EjectTray()</onclick>
    </control>
    <control type="button" id="90133">
      <include>ButtonHomeSubCommonValues</include>
      <label>600</label>
      <onclick>RipCD</onclick>
      <visible>System.HasMediaAudioCD</visible>
    </control>
  </include>
  <include name="HomeSubMenuPictures">
    <control type="button" id="90148">
      <include>ButtonHomeSubCommonValues</include>
      <label>24001</label>
      <onclick>ActivateWindow(Pictures,Addons,return)</onclick>
    </control>
  </include>
  <include name="HomeSubMenuTV">
    <control type="button" id="90143">
      <include>ButtonHomeSubCommonValues</include>
      <label>19019</label>
      <onclick>ActivateWindow(TVChannels)</onclick>
    </control>
    <control type="button" id="90144">
      <include>ButtonHomeSubCommonValues</include>
      <label>22020</label>
      <onclick>ActivateWindow(TVGuide)</onclick>
    </control>
    <control type="button" id="90145">
      <include>ButtonHomeSubCommonValues</include>
      <label>19163</label>
      <onclick>ActivateWindow(TVRecordings)</onclick>
    </control>
    <control type="button" id="90146">
      <include>ButtonHomeSubCommonValues</include>
      <label>19138</label>
      <onclick>ActivateWindow(TVTimerRules)</onclick>
    </control>
    <control type="button" id="90147">
      <include>ButtonHomeSubCommonValues</include>
      <label>19040</label>
      <onclick>ActivateWindow(TVTimers)</onclick>
    </control>
    <control type="button" id="90148">
      <include>ButtonHomeSubCommonValues</include>
      <label>137</label>
      <onclick>ActivateWindow(TVSearch)</onclick>
    </control>
  </include>
  <include name="HomeSubMenuRadio">
    <control type="button" id="90243">
      <include>ButtonHomeSubCommonValues</include>
      <label>19019</label>
      <onclick>ActivateWindow(RadioChannels)</onclick>
    </control>
    <control type="button" id="90244">
      <include>ButtonHomeSubCommonValues</include>
      <label>22020</label>
      <onclick>ActivateWindow(RadioGuide)</onclick>
    </control>
    <control type="button" id="90245">
      <include>ButtonHomeSubCommonValues</include>
      <label>19163</label>
      <onclick>ActivateWindow(RadioRecordings)</onclick>
    </control>
    <control type="button" id="90246">
      <include>ButtonHomeSubCommonValues</include>
      <label>19138</label>
      <onclick>ActivateWindow(RadioTimerRules)</onclick>
    </control>
    <control type="button" id="90247">
      <include>ButtonHomeSubCommonValues</include>
      <label>19040</label>
      <onclick>ActivateWindow(RadioTimers)</onclick>
    </control>
    <control type="button" id="90248">
      <include>ButtonHomeSubCommonValues</include>
      <label>137</label>
      <onclick>ActivateWindow(RadioSearch)</onclick>
    </control>
  </include>
  <include name="HomeSubMenuAddons">
    <control type="button" id="90302">
      <include>ButtonHomeSubCommonValues</include>
      <label>24998</label>
      <onclick>ActivateWindow(addonbrowser,addons://user,return)</onclick>
    </control>
    <control type="button" id="90303">
      <include>ButtonHomeSubCommonValues</include>
      <label>24033</label>
      <onclick>ActivateWindow(addonbrowser,addons://repos/,return)</onclick>
    </control>
    <control type="button" id="90304">
      <include>ButtonHomeSubCommonValues</include>
      <label>24041</label>
      <onclick>InstallFromZip</onclick>
    </control>
    <control type="button" id="90305">
      <include>ButtonHomeSubCommonValues</include>
      <label>137</label>
      <onclick>ActivateWindow(addonbrowser,addons://search,return)</onclick>
    </control>
  </include>
  <include name="HomeAddonItemsVideos">
    <item>
      <label>$INFO[system.addontitle(Skin.String(HomeVideosButton1))]</label>
      <onclick>RunAddon($INFO[Skin.String(HomeVideosButton1)])</onclick>
      <icon>$INFO[system.addonicon(Skin.String(HomeVideosButton1))]</icon>
      <thumb />
      <visible>!String.IsEmpty(Skin.String(HomeVideosButton1))</visible>
    </item>
    <item>
      <label>$INFO[system.addontitle(Skin.String(HomeVideosButton2))]</label>
      <onclick>RunAddon($INFO[Skin.String(HomeVideosButton2)])</onclick>
      <icon>$INFO[system.addonicon(Skin.String(HomeVideosButton2))]</icon>
      <thumb />
      <visible>!String.IsEmpty(Skin.String(HomeVideosButton2))</visible>
    </item>
    <item>
      <label>$INFO[system.addontitle(Skin.String(HomeVideosButton3))]</label>
      <onclick>RunAddon($INFO[Skin.String(HomeVideosButton3)])</onclick>
      <icon>$INFO[system.addonicon(Skin.String(HomeVideosButton3))]</icon>
      <thumb />
      <visible>!String.IsEmpty(Skin.String(HomeVideosButton3))</visible>
    </item>
    <item>
      <label>$INFO[system.addontitle(Skin.String(HomeVideosButton4))]</label>
      <onclick>RunAddon($INFO[Skin.String(HomeVideosButton4)])</onclick>
      <icon>$INFO[system.addonicon(Skin.String(HomeVideosButton4))]</icon>
      <thumb />
      <visible>!String.IsEmpty(Skin.String(HomeVideosButton4))</visible>
    </item>
    <item>
      <label>$INFO[system.addontitle(Skin.String(HomeVideosButton5))]</label>
      <onclick>RunAddon($INFO[Skin.String(HomeVideosButton5)])</onclick>
      <icon>$INFO[system.addonicon(Skin.String(HomeVideosButton5))]</icon>
      <thumb />
      <visible>!String.IsEmpty(Skin.String(HomeVideosButton5))</visible>
    </item>
  </include>
  <include name="HomeAddonItemsMusic">
    <item>
      <label>$INFO[system.addontitle(Skin.String(HomeMusicButton1))]</label>
      <onclick>RunAddon($INFO[Skin.String(HomeMusicButton1)])</onclick>
      <icon>$INFO[system.addonicon(Skin.String(HomeMusicButton1))]</icon>
      <thumb />
      <visible>!String.IsEmpty(Skin.String(HomeMusicButton1))</visible>
    </item>
    <item>
      <label>$INFO[system.addontitle(Skin.String(HomeMusicButton2))]</label>
      <onclick>RunAddon($INFO[Skin.String(HomeMusicButton2)])</onclick>
      <icon>$INFO[system.addonicon(Skin.String(HomeMusicButton2))]</icon>
      <thumb />
      <visible>!String.IsEmpty(Skin.String(HomeMusicButton2))</visible>
    </item>
    <item>
      <label>$INFO[system.addontitle(Skin.String(HomeMusicButton3))]</label>
      <onclick>RunAddon($INFO[Skin.String(HomeMusicButton3)])</onclick>
      <icon>$INFO[system.addonicon(Skin.String(HomeMusicButton3))]</icon>
      <thumb />
      <visible>!String.IsEmpty(Skin.String(HomeMusicButton3))</visible>
    </item>
    <item>
      <label>$INFO[system.addontitle(Skin.String(HomeMusicButton4))]</label>
      <onclick>RunAddon($INFO[Skin.String(HomeMusicButton4)])</onclick>
      <icon>$INFO[system.addonicon(Skin.String(HomeMusicButton4))]</icon>
      <thumb />
      <visible>!String.IsEmpty(Skin.String(HomeMusicButton4))</visible>
    </item>
    <item>
      <label>$INFO[system.addontitle(Skin.String(HomeMusicButton5))]</label>
      <onclick>RunAddon($INFO[Skin.String(HomeMusicButton5)])</onclick>
      <icon>$INFO[system.addonicon(Skin.String(HomeMusicButton5))]</icon>
      <thumb />
      <visible>!String.IsEmpty(Skin.String(HomeMusicButton5))</visible>
    </item>
  </include>
  <include name="HomeAddonItemsPictures">
    <item>
      <label>$INFO[system.addontitle(Skin.String(HomePictureButton1))]</label>
      <onclick>RunAddon($INFO[Skin.String(HomePictureButton1)])</onclick>
      <icon>$INFO[system.addonicon(Skin.String(HomePictureButton1))]</icon>
      <thumb />
      <visible>!String.IsEmpty(Skin.String(HomePictureButton1))</visible>
    </item>
    <item>
      <label>$INFO[system.addontitle(Skin.String(HomePictureButton2))]</label>
      <onclick>RunAddon($INFO[Skin.String(HomePictureButton2)])</onclick>
      <icon>$INFO[system.addonicon(Skin.String(HomePictureButton2))]</icon>
      <thumb />
      <visible>!String.IsEmpty(Skin.String(HomePictureButton2))</visible>
    </item>
    <item>
      <label>$INFO[system.addontitle(Skin.String(HomePictureButton3))]</label>
      <onclick>RunAddon($INFO[Skin.String(HomePictureButton3)])</onclick>
      <icon>$INFO[system.addonicon(Skin.String(HomePictureButton3))]</icon>
      <thumb />
      <visible>!String.IsEmpty(Skin.String(HomePictureButton3))</visible>
    </item>
    <item>
      <label>$INFO[system.addontitle(Skin.String(HomePictureButton4))]</label>
      <onclick>RunAddon($INFO[Skin.String(HomePictureButton4)])</onclick>
      <icon>$INFO[system.addonicon(Skin.String(HomePictureButton4))]</icon>
      <thumb />
      <visible>!String.IsEmpty(Skin.String(HomePictureButton4))</visible>
    </item>
    <item>
      <label>$INFO[system.addontitle(Skin.String(HomePictureButton5))]</label>
      <onclick>RunAddon($INFO[Skin.String(HomePictureButton5)])</onclick>
      <icon>$INFO[system.addonicon(Skin.String(HomePictureButton5))]</icon>
      <thumb />
      <visible>!String.IsEmpty(Skin.String(HomePictureButton5))</visible>
    </item>
  </include>
  <include name="HomeAddonItemsPrograms">
    <item>
      <label>$INFO[system.addontitle(Skin.String(HomeProgramButton1))]</label>
      <onclick>RunAddon($INFO[Skin.String(HomeProgramButton1)])</onclick>
      <icon>$INFO[system.addonicon(Skin.String(HomeProgramButton1))]</icon>
      <thumb />
      <visible>!String.IsEmpty(Skin.String(HomeProgramButton1))</visible>
    </item>
    <item>
      <label>$INFO[system.addontitle(Skin.String(HomeProgramButton2))]</label>
      <onclick>RunAddon($INFO[Skin.String(HomeProgramButton2)])</onclick>
      <icon>$INFO[system.addonicon(Skin.String(HomeProgramButton2))]</icon>
      <thumb />
      <visible>!String.IsEmpty(Skin.String(HomeProgramButton2))</visible>
    </item>
    <item>
      <label>$INFO[system.addontitle(Skin.String(HomeProgramButton3))]</label>
      <onclick>RunAddon($INFO[Skin.String(HomeProgramButton3)])</onclick>
      <icon>$INFO[system.addonicon(Skin.String(HomeProgramButton3))]</icon>
      <thumb />
      <visible>!String.IsEmpty(Skin.String(HomeProgramButton3))</visible>
    </item>
    <item>
      <label>$INFO[system.addontitle(Skin.String(HomeProgramButton4))]</label>
      <onclick>RunAddon($INFO[Skin.String(HomeProgramButton4)])</onclick>
      <icon>$INFO[system.addonicon(Skin.String(HomeProgramButton4))]</icon>
      <thumb />
      <visible>!String.IsEmpty(Skin.String(HomeProgramButton4))</visible>
    </item>
    <item>
      <label>$INFO[system.addontitle(Skin.String(HomeProgramButton5))]</label>
      <onclick>RunAddon($INFO[Skin.String(HomeProgramButton5)])</onclick>
      <icon>$INFO[system.addonicon(Skin.String(HomeProgramButton5))]</icon>
      <thumb />
      <visible>!String.IsEmpty(Skin.String(HomeProgramButton5))</visible>
    </item>
  </include>
  <include name="HomeAddonItemsGames">
    <item>
      <label>$INFO[system.addontitle(Skin.String(HomeGameButton1))]</label>
      <onclick>RunAddon($INFO[Skin.String(HomeGameButton1)])</onclick>
      <icon>$INFO[system.addonicon(Skin.String(HomeGameButton1))]</icon>
      <thumb />
      <visible>!String.IsEmpty(Skin.String(HomeGameButton1))</visible>
    </item>
    <item>
      <label>$INFO[system.addontitle(Skin.String(HomeGameButton2))]</label>
      <onclick>RunAddon($INFO[Skin.String(HomeGameButton2)])</onclick>
      <icon>$INFO[system.addonicon(Skin.String(HomeGameButton2))]</icon>
      <thumb />
      <visible>!String.IsEmpty(Skin.String(HomeGameButton2))</visible>
    </item>
    <item>
      <label>$INFO[system.addontitle(Skin.String(HomeGameButton3))]</label>
      <onclick>RunAddon($INFO[Skin.String(HomeGameButton3)])</onclick>
      <icon>$INFO[system.addonicon(Skin.String(HomeGameButton3))]</icon>
      <thumb />
      <visible>!String.IsEmpty(Skin.String(HomeGameButton3))</visible>
    </item>
    <item>
      <label>$INFO[system.addontitle(Skin.String(HomeGameButton4))]</label>
      <onclick>RunAddon($INFO[Skin.String(HomeGameButton4)])</onclick>
      <icon>$INFO[system.addonicon(Skin.String(HomeGameButton4))]</icon>
      <thumb />
      <visible>!String.IsEmpty(Skin.String(HomeGameButton4))</visible>
    </item>
    <item>
      <label>$INFO[system.addontitle(Skin.String(HomeGameButton5))]</label>
      <onclick>RunAddon($INFO[Skin.String(HomeGameButton5)])</onclick>
      <icon>$INFO[system.addonicon(Skin.String(HomeGameButton5))]</icon>
      <thumb />
      <visible>!String.IsEmpty(Skin.String(HomeGameButton5))</visible>
    </item>
  </include>
  <!--VERTICAL-->
  <include name="MainMenuVertical">
    <control type="button" id="9003">
      <description>Hidden Button to pass through navigation when recently added is disabled</description>
      <left>-20</left>
      <top>-20</top>
      <width>1</width>
      <height>1</height>
      <label>-</label>
      <font>-</font>
      <texturefocus>-</texturefocus>
      <texturenofocus>-</texturenofocus>
      <onleft>9000</onleft>
      <onright>9000</onright>
      <onup>20</onup>
      <ondown>608</ondown>
      <visible>false</visible>
    </control>
    <!--Track Info-->
    <control type="group">
      <visible>Player.HasAudio + !Skin.HasSetting(homepageMusicinfo) + String.IsEmpty(Window(Videos).Property(PlayingBackgroundMedia))</visible>
      <left>20</left>
      <animation effect="fade" end="100" time="300" tween="quadratic" easing="out">WindowOpen</animation>
      <animation effect="fade" start="100" time="300" tween="quadratic" easing="out">WindowClose</animation>
      <animation effect="slide" end="0,45" time="0" tween="quadratic" easing="out" condition="!system.getbool(lookandfeel.enablerssfeeds)">Conditional</animation>
      <!--cover-->
      <control type="image">
        <description>cover image</description>
        <left>305r</left>
        <top>210</top>
        <width>300</width>
        <height>300</height>
        <texture fallback="DefaultAlbumCover.png">$INFO[Player.Art(thumb)]</texture>
        <bordertexture border="8">ThumbShadow.png</bordertexture>
        <bordersize>8</bordersize>
      </control>
      <!-- the music title -->
      <control type="label">
        <left>365</left>
        <top>220r</top>
        <width>885</width>
        <height>70</height>
        <font>font35_title</font>
        <align>right</align>
        <aligny>center</aligny>
        <label>$INFO[Player.Time(hh:mm:ss)] / $INFO[Player.Duration(hh:mm:ss)]</label>
        <textcolor>$VAR[TextColor2]</textcolor>
        <shadowcolor>black</shadowcolor>
      </control>
      <!-- the music title - short-->
      <control type="label">
        <animation effect="fade" start="0" time="300" delay="200" tween="quadratic" easing="out">Visible</animation>
        <description>Title label</description>
        <left>365</left>
        <top>180r</top>
        <width>885</width>
        <height>50</height>
        <align>right</align>
        <font>font55_title</font>
        <label>$INFO[Player.Title]</label>
        <textcolor>$VAR[TextColor2]</textcolor>
        <shadowcolor>black</shadowcolor>
        <visible>![Skin.HasSetting(MainMenuVerticalSlideOut) + System.IdleTime(4) + !ControlGroup(9001).HasFocus()]</visible>
        <scroll>true</scroll>
      </control>
      <control type="label">
        <animation effect="fade" start="0" time="300" delay="200" tween="quadratic" easing="out">Visible</animation>
        <description>Artist label</description>
        <left>365</left>
        <top>110r</top>
        <width>885</width>
        <height>50</height>
        <align>right</align>
        <font>font35_title</font>
        <label>$INFO[MusicPlayer.Artist]$INFO[MusicPlayer.Album, - ]</label>
        <textcolor>$VAR[TextColor2]</textcolor>
        <shadowcolor>black</shadowcolor>
        <visible>![Skin.HasSetting(MainMenuVerticalSlideOut) + System.IdleTime(4) + !ControlGroup(9001).HasFocus()]</visible>
        <scroll>true</scroll>
      </control>
      <!-- the music title - wide-->
      <control type="label">
        <animation effect="fade" start="0" time="300" tween="quadratic" easing="out">Visible</animation>
        <description>Title label</description>
        <left>-10</left>
        <top>180r</top>
        <width>1260</width>
        <height>50</height>
        <align>right</align>
        <font>font55_title</font>
        <label>$INFO[Player.Title]</label>
        <textcolor>$VAR[TextColor2]</textcolor>
        <shadowcolor>black</shadowcolor>
        <visible>Skin.HasSetting(MainMenuVerticalSlideOut) + System.IdleTime(4) + !ControlGroup(9001).HasFocus()</visible>
        <scroll>true</scroll>
      </control>
      <control type="label">
        <animation effect="fade" start="0" time="300" tween="quadratic" easing="out">Visible</animation>
        <description>Artist label</description>
        <left>-10</left>
        <top>110r</top>
        <width>1260</width>
        <height>50</height>
        <align>right</align>
        <font>font35_title</font>
        <label>$INFO[MusicPlayer.Artist]$INFO[MusicPlayer.Album, - ]</label>
        <textcolor>$VAR[TextColor2]</textcolor>
        <shadowcolor>black</shadowcolor>
        <visible>Skin.HasSetting(MainMenuVerticalSlideOut) + System.IdleTime(4) + !ControlGroup(9001).HasFocus()</visible>
        <scroll>true</scroll>
      </control>
    </control>
    <!--MAIN MENU UP-->
    <control type="group">
      <!--Submenu-->
      <animation effect="slide" end="-650,0" time="300" tween="quadratic" easing="out">WindowClose</animation>
      <animation effect="slide" start="-450,0" time="500" tween="quadratic" easing="out">WindowOpen</animation>
      <animation effect="slide" end="-380,0" time="300" tween="quadratic" easing="out" condition="Skin.HasSetting(MainMenuVerticalSlideOut) + System.IdleTime(4) + !ControlGroup(9001).HasFocus()" reversible="false">Conditional</animation>
      <animation effect="slide" start="-380,0" time="200" tween="quadratic" easing="out" condition="![Skin.HasSetting(MainMenuVerticalSlideOut) + System.IdleTime(4) + !ControlGroup(9001).HasFocus()]" reversible="false">Conditional</animation>
      <control type="group">
        <left>380</left>
        <animation effect="slide" end="-228,0" time="300" tween="quadratic" easing="out">WindowClose</animation>
        <control type="button" id="9002">
          <posx>0</posx>
          <posy>296</posy>
          <width>42</width>
          <height>128</height>
          <font>-</font>
          <texturefocus>HasSub.png</texturefocus>
          <texturenofocus>HasSub.png</texturenofocus>
          <visible>Container(9000).HasFocus(1) | Container(9000).HasFocus(2) | Container(9000).HasFocus(3) | Container(9000).HasFocus(4) | Container(9000).HasFocus(5) | Container(9000).HasFocus(6) | Container(9000).HasFocus(10) | Container(9000).HasFocus(11) | Container(9000).HasFocus(12) | Container(9000).HasFocus(13) | Container(9000).HasFocus(17) | [Skin.HasSetting(MainMenuVerticalSlideOut) + System.IdleTime(4) + !ControlGroup(9001).HasFocus()]</visible>
          <animation effect="fade" time="200" delay="100">VisibleChange</animation>
          <animation effect="fade" time="0" condition="![ControlGroup(9001).HasFocus | Control.HasFocus(9002)]">Conditional</animation>
          <animation_off effect="slide" end="190,0" time="200" condition="ControlGroup(9001).HasFocus | Control.HasFocus(9002)">Conditional</animation_off>
          <include_off>VisibleFadeEffect</include_off>
        </control>
      </control>
      <control type="group">
        <left>385</left>
        <width>280</width>
        <animation effect="zoom" start="385,0,1,720" end="385,0,220,720" time="150" condition="ControlGroup(9001).HasFocus | Control.HasFocus(9002)">Conditional</animation>
        <animation effect="zoom" start="385,0,220,720" end="385,0,1,720" time="200" condition="![ControlGroup(9001).HasFocus | Control.HasFocus(9002)]">Conditional</animation>
        <control type="image">
          <width>400</width>
          <height>720</height>
          <texture border="0,0,20,0">MediaBladeSub.png</texture>
        </control>
      </control>
      <control type="group" id="9001">
        <left>386</left>
        <top>0</top>
        <onleft>9000</onleft>
        <onright>9001</onright>
        <animation effect="fade" start="100" end="0" time="0" condition="![ControlGroup(9001).HasFocus | Control.HasFocus(9002)]">conditional</animation>
        <animation effect="fade" start="0" end="100" delay="300" time="200" condition="ControlGroup(9001).HasFocus | Control.HasFocus(9002)">conditional</animation>
        <animation_off effect="fade" start="100" end="0" time="0" condition="ControlGroup(9001).HasFocus | Control.HasFocus(9002)">WindowClose</animation_off>
        <animation_off effect="slide" start="0,0" end="210,0" time="300" tween="quadratic" easing="out" condition="ControlGroup(9001).HasFocus | Control.HasFocus(9002)">conditional</animation_off>
        <control type="grouplist" id="9010">
          <include>HomeSubMenuCommonValues</include>
          <visible>Container(9000).HasFocus(2)</visible>
          <!-- Buttons for the grouplist -->
          <include>HomeSubMenuVideos</include>
        </control>
        <control type="grouplist" id="9016">
          <include>HomeSubMenuCommonValues</include>
          <visible>Container(9000).HasFocus(10) + !String.IsEmpty(Container(90160).ListItemNoWrap(0).Label)</visible>
          <!-- Buttons for the grouplist -->
          <include>HomeSubMenuMovies</include>
        </control>
        <control type="grouplist" id="9011">
          <include>HomeSubMenuCommonValues</include>
          <visible>Container(9000).HasFocus(3)</visible>
          <!-- Buttons for the grouplist -->
          <include>HomeSubMenuMusic</include>
        </control>
        <control type="grouplist" id="9017">
          <include>HomeSubMenuCommonValues</include>
          <visible>Container(9000).HasFocus(11) + !String.IsEmpty(Container(90170).ListItemNoWrap(0).Label)</visible>
          <!-- Buttons for the grouplist -->
          <include>HomeSubMenuTVShows</include>
        </control>
        <control type="grouplist" id="9012">
          <include>HomeSubMenuCommonValues</include>
          <visible>Container(9000).HasFocus(5)</visible>
          <!-- Buttons for the grouplist -->
          <include>HomeSubMenuSystem</include>
        </control>
        <control type="grouplist" id="9013">
          <include>HomeSubMenuCommonValues</include>
          <visible>Container(9000).HasFocus(6)</visible>
          <!-- Buttons for the grouplist -->
          <include>HomeSubMenuPlayDisc</include>
        </control>
        <control type="grouplist" id="9014">
          <visible>Container(9000).HasFocus(12)</visible>
          <!-- Buttons for the grouplist -->
          <include>HomeSubMenuTV</include>
          <include>HomeSubMenuCommonValues</include>
        </control>
        <control type="grouplist" id="9015">
          <visible>Container(9000).HasFocus(4)</visible>
          <!-- Buttons for the grouplist -->
          <include>HomeSubMenuPictures</include>
          <include>HomeSubMenuCommonValues</include>
        </control>
        <control type="grouplist" id="9016">
          <include>HomeSubMenuCommonValues</include>
          <visible>Container(9000).HasFocus(13)</visible>
          <!-- Buttons for the grouplist -->
          <include>HomeSubMenuRadio</include>
        </control>
        <control type="grouplist" id="9018">
          <include>HomeSubMenuCommonValues</include>
          <visible>Container(9000).HasFocus(1)</visible>
          <!-- Buttons for the grouplist -->
          <include>HomeSubMenuAddons</include>
        </control>
        <control type="grouplist" id="9017">
          <defaultcontrol always="true">1</defaultcontrol>
          <posx>0</posx>
          <posy>0</posy>
          <width>240</width>
          <height>720</height>
          <align>center</align>
          <itemgap>0</itemgap>
          <onleft>9000</onleft>
          <onup>SetFocus(3)</onup>
          <ondown>SetFocus(2)</ondown>
          <visible>Container(9000).HasFocus(17)</visible>
          <!-- Buttons for the grouplist -->
          <control type="button" id="3">
            <description>normal Font</description>
            <height>300</height>
            <width>238</width>
            <textoffsetx>20</textoffsetx>
            <textwidth>195</textwidth>
            <aligny>center</aligny>
            <font>font_MainMenu</font>
            <textcolor_off>$VAR[TextColor1]</textcolor_off>
            <label>Vol +</label>
            <pulseonselect>false</pulseonselect>
            <align>center</align>
            <onclick_off>left</onclick_off>
            <onfocus>VolumeUp</onfocus>
            <onfocus>AlarmClock(SwitchbacktoBtn1,SetFocus(1),00:00.700,silent)</onfocus>
            <animation_off effect="fade" end="60" time="0">WindowOpen</animation_off>
            <animation_off effect="fade" start="100" end="60" time="300">UnFocus</animation_off>
          </control>
          <control type="button" id="1">
            <height>720</height>
            <width>220</width>
            <textoffsetx>20</textoffsetx>
            <textwidth>195</textwidth>
            <aligny>center</aligny>
            <font>font40caps_title</font>
            <visible allowhiddenfocus="true">no</visible>
            <label>-</label>
            <pulseonselect>false</pulseonselect>
            <texturefocus border="5">button-focus.png</texturefocus>
            <texturenofocus border="5">button-nofocus.png</texturenofocus>
            <align>center</align>
            <onclick>left</onclick>
          </control>
          <control type="button" id="2">
            <height>300</height>
            <width>238</width>
            <textoffsetx>20</textoffsetx>
            <textwidth>195</textwidth>
            <aligny>center</aligny>
            <font>font_MainMenu</font>
            <textcolor_off>$VAR[TextColor1]</textcolor_off>
            <label>Vol -</label>
            <pulseonselect>false</pulseonselect>
            <texturefocus border="5">button-focus.png</texturefocus>
            <texturenofocus border="5">button-nofocus.png</texturenofocus>
            <align>center</align>
            <onclick_off>left</onclick_off>
            <onfocus>VolumeDown</onfocus>
            <onfocus>AlarmClock(SwitchbacktoBtn1,SetFocus(1),00:00.700,silent)</onfocus>
            <animation_off effect="fade" end="60" time="0">WindowOpen</animation_off>
            <animation_off effect="fade" start="100" end="60" time="300">UnFocus</animation_off>
          </control>
        </control>
        <!--Icon for Addons-->
        <control type="group">
          <top>536</top>
          <left>29</left>
          <width>180</width>
          <height>180</height>
          <control type="image">
            <visible>Control.HasFocus(9004) + !IsEmpty(Container(9004).ListItem.Icon)</visible>
            <include>VisibleFadeEffect</include>
            <aspectratio aligny="bottom">keep</aspectratio>
            <bordertexture border="5">button-nofocus.png</bordertexture>
            <bordersize>3</bordersize>
            <texture>$INFO[Container(9004).ListItem.Icon]</texture>
          </control>
          <control type="image">
            <visible>Control.HasFocus(9005) + !IsEmpty(Container(9004).ListItem.Icon)</visible>
            <include>VisibleFadeEffect</include>
            <aspectratio aligny="bottom">keep</aspectratio>
            <bordertexture border="5">button-nofocus.png</bordertexture>
            <bordersize>3</bordersize>
            <texture>$INFO[Container(9005).ListItem.Icon]</texture>
          </control>
          <control type="image">
            <visible>Control.HasFocus(9006) + !IsEmpty(Container(9004).ListItem.Icon)</visible>
            <include>VisibleFadeEffect</include>
            <aspectratio aligny="bottom">keep</aspectratio>
            <bordertexture border="5">button-nofocus.png</bordertexture>
            <bordersize>3</bordersize>
            <texture>$INFO[Container(9006).ListItem.Icon]</texture>
          </control>
          <control type="image">
            <visible>Control.HasFocus(9007) + !IsEmpty(Container(9004).ListItem.Icon)</visible>
            <include>VisibleFadeEffect</include>
            <aspectratio aligny="bottom">keep</aspectratio>
            <bordertexture border="5">button-nofocus.png</bordertexture>
            <bordersize>3</bordersize>
            <texture>$INFO[Container(9007).ListItem.Icon]</texture>
          </control>
        </control>
      </control>
      <!--MAINMENU-->
      <control_off type="fixedlist" id="9000">
        <left>-110</left>
        <top>5</top>
        <width>1500</width>
        <height>60</height>
        <onleft>9000</onleft>
        <onright>9000</onright>
        <onup condition="System.HasAddon(script.globalsearch)">608</onup>
        <onup condition="!System.HasAddon(script.globalsearch)">603</onup>
        <ondown>9001</ondown>
        <pagecontrol>-</pagecontrol>
        <scrolltime>300</scrolltime>
        <focusposition>2</focusposition>
        <movement>1</movement>
        <orientation>Horizontal</orientation>
        <itemlayout height="60" width="300">
          <control type="image">
            <left>0</left>
            <top>4</top>
            <width>1</width>
            <height>52</height>
            <texture>HomeSeperator.png</texture>
          </control>
          <control type="image">
            <left>299</left>
            <top>4</top>
            <width>1</width>
            <height>52</height>
            <texture>HomeSeperator.png</texture>
          </control>
          <control type="label">
            <left>5</left>
            <top>0</top>
            <width>290</width>
            <height>60</height>
            <font>font_MainMenu</font>
            <textcolor>grey3</textcolor>
            <align>center</align>
            <aligny>center</aligny>
            <label>$INFO[ListItem.Label]</label>
          </control>
        </itemlayout>
        <focusedlayout height="60" width="300">
          <control type="image">
            <left>0</left>
            <top>4</top>
            <width>1</width>
            <height>52</height>
            <texture>HomeSeperator.png</texture>
          </control>
          <control type="image">
            <left>299</left>
            <top>4</top>
            <width>1</width>
            <height>52</height>
            <texture>HomeSeperator.png</texture>
          </control>
          <control type="label">
            <left>5</left>
            <top>0</top>
            <width>290</width>
            <height>60</height>
            <font>font_MainMenu</font>
            <textcolor>grey3</textcolor>
            <align>center</align>
            <aligny>center</aligny>
            <label>$INFO[ListItem.Label]</label>
          </control>
          <control type="label">
            <left>5</left>
            <top>0</top>
            <width>290</width>
            <height>60</height>
            <font>font_MainMenu</font>
            <textcolor>blue</textcolor>
            <align>center</align>
            <aligny>center</aligny>
            <label>$INFO[ListItem.Label]</label>
            <visible>Control.HasFocus(9000)</visible>
            <include>VisibleFadeEffect</include>
          </control>
        </focusedlayout>
        <content>
          <item id="7">
            <label>31950</label>
            <onclick>ActivateWindow(Weather)</onclick>
            <icon>-</icon>
            <thumb>-</thumb>
            <visible>!Skin.HasSetting(HomeMenuNoWeatherButton) + !IsEmpty(Weather.Plugin)</visible>
          </item>
          <item id="4">
            <label>31951</label>
            <onclick>ActivateWindow(Pictures)</onclick>
            <icon>-</icon>
            <thumb>-</thumb>
            <visible>!Skin.HasSetting(HomeMenuNoPicturesButton)</visible>
          </item>
          <item id="13">
            <label>31960</label>
            <onclick>ActivateWindow(RadioChannels)</onclick>
            <icon>-</icon>
            <thumb>-</thumb>
            <visible>PVR.HasRadioChannels</visible>
          </item>
          <item id="12">
            <label>31952</label>
            <onclick>ActivateWindow(TVChannels)</onclick>
            <icon>-</icon>
            <thumb>-</thumb>
            <visible>PVR.HasTVChannels</visible>
          </item>
          <item id="2">
            <label>31953</label>
            <onclick condition="String.IsEqual(Window.Property(VideosDirectLink),True)">ActivateWindow(Videos)</onclick>
            <onclick condition="!String.IsEqual(Window.Property(VideosDirectLink),True)">ActivateWindow(Videos,root)</onclick>
            <icon>-</icon>
            <thumb>-</thumb>
            <visible>!Skin.HasSetting(HomeMenuNoVideosButton)</visible>
          </item>
          <item id="10">
            <label>31954</label>
            <onclick>ActivateWindow(Videos,MovieTitles,return)</onclick>
            <icon>-</icon>
            <thumb>-</thumb>
            <visible>!Skin.HasSetting(HomeMenuNoMovieButton) + Library.HasContent(Movies)</visible>
          </item>
          <item id="11">
            <label>31955</label>
            <onclick>ActivateWindow(Videos,TVShowTitles,return)</onclick>
            <icon>-</icon>
            <thumb>-</thumb>
            <visible>!Skin.HasSetting(HomeMenuNoTVShowButton) + Library.HasContent(TVShows)</visible>
          </item>
          <item id="3">
            <label>31956</label>
            <onclick>ActivateWindow(Music)</onclick>
            <icon>-</icon>
            <thumb>-</thumb>
            <visible>!Skin.HasSetting(HomeMenuNoMusicButton)</visible>
          </item>
          <item id="1">
            <label>31957</label>
            <onclick condition="!System.Platform.Android">ActivateWindow(Programs,Addons,return)</onclick>
            <onclick condition="System.Platform.Android">ActivateWindow(Programs)</onclick>
            <icon>-</icon>
            <thumb>-</thumb>
            <visible>!Skin.HasSetting(HomeMenuNoProgramsButton)</visible>
          </item>
          <item id="6">
            <label>31958</label>
            <onclick>PlayDVD()</onclick>
            <icon>-</icon>
            <thumb>-</thumb>
            <visible>System.HasMediaDVD</visible>
          </item>
          <item id="5">
            <label>31959</label>
            <onclick>ActivateWindow(Settings)</onclick>
            <icon>-</icon>
            <thumb>-</thumb>
          </item>
        </content>
      </control_off>
      <control type="image">
        <posx>0</posx>
        <posy>0</posy>
        <width>390</width>
        <height>720</height>
        <colordiffuse>DAFFFFFF</colordiffuse>
        <texture border="0,0,10,0">MediaBladeSub.png</texture>
      </control>
      <control_off type="image">
        <description>highlightbar</description>
        <posx>0</posx>
        <posy>397</posy>
        <width>390</width>
        <height>120</height>
        <texture colordiffuse="33FFFFFF">floor_mainmenu.png</texture>
        <animation effect="slide" end="0,-204" time="300" condition="Container(9000).Row(1)">conditional</animation>
        <animation effect="slide" end="0,-102" time="300" condition="Container(9000).Row(2)">conditional</animation>
        <animation effect="slide" end="0,102" time="300" condition="Container(9000).Row(4)">conditional</animation>
        <animation effect="slide" end="0,204" time="300" condition="Container(9000).Row(5)">conditional</animation>
      </control_off>
      <control type="fixedlist" id="9000">
        <left>-10</left>
        <top>100</top>
        <width>380</width>
        <height>520</height>
        <onleft>10</onleft>
        <onright>9001</onright>
        <onup>9000</onup>
        <ondown>9000</ondown>
        <pagecontrol>-</pagecontrol>
        <scrolltime>300</scrolltime>
        <focusposition>2</focusposition>
        <movement>1</movement>
        <animation effect="slide" start="0,0" end="-10,0" time="0" condition="Skin.HasSetting(HomeMenuShowMLogo)">Conditional</animation>
        <itemlayout height="102" width="380">
          <control type="label">
            <right>0</right>
            <top>0</top>
            <width>380</width>
            <height>102</height>
            <font>font_MainMenu</font>
            <textcolor>grey3</textcolor>
            <align>right</align>
            <aligny>center</aligny>
            <label>$INFO[ListItem.Label]</label>
            <animation effect="zoom" start="85" end="85" center="380,51" time="0" condition="true">Conditional</animation>
            <animation effect="fade" start="100" end="30" time="200" condition="Window.IsVisible(1113) | ControlGroup(9001).HasFocus | ControlGroup(10).HasFocus | Control.HasFocus(9002)">conditional</animation>
          </control>
        </itemlayout>
        <focusedlayout height="102" width="380">
          <pulseonselect>yes</pulseonselect>
          <control type="label">
            <right>0</right>
            <top>0</top>
            <width>380</width>
            <height>102</height>
            <font>font_MainMenu</font>
            <textcolor colordiffuse="AAFFFFFF">$VAR[TextColor1]</textcolor>
            <align>right</align>
            <aligny>center</aligny>
            <animation type="Focus">
              <effect type="zoom" start="85" end="120" center="380,51" time="200"></effect>
              <effect type="fade" start="70" end="100" time="200" />
            </animation>
            <animation type="UnFocus">
              <effect type="zoom" start="120" end="85" center="380,51" time="200"></effect>
              <effect type="fade" start="100" end="70" time="200" />
            </animation>
            <label>$INFO[ListItem.Label]</label>
          </control>
          <control type="label">
            <right>0</right>
            <top>0</top>
            <width>380</width>
            <height>102</height>
            <font>font_MainMenu</font>
            <textcolor>$VAR[TextColor1]</textcolor>
            <align>right</align>
            <aligny>center</aligny>
            <label>$INFO[ListItem.Label]</label>
            <visible>Control.HasFocus(9000)</visible>
            <include>VisibleFadeEffect</include>
            <animation effect="zoom" start="85" end="120" center="380,51" time="200">Focus</animation>
            <animation effect="zoom" start="120" end="85" center="380,51" time="200">UnFocus</animation>
          </control>
        </focusedlayout>
        <content>
          <include>HomeMenuItems</include>
        </content>
      </control>
      <control type="image">
        <description>highlightbar</description>
        <posx>0</posx>
        <posy>-398</posy>
        <width>385</width>
        <height>1720</height>
        <texture>bmw/MenuLightbar.png</texture>
        <animation effect="slide" end="0,-204" time="300" condition="Container(9000).Row(1)">conditional</animation>
        <animation effect="slide" end="0,-102" time="300" condition="Container(9000).Row(2)">conditional</animation>
        <animation effect="slide" end="0,102" time="300" condition="Container(9000).Row(4)">conditional</animation>
        <animation effect="slide" end="0,204" time="300" condition="Container(9000).Row(5)">conditional</animation>
      </control>
      <!--logo background-->
      <control type="image">
        <posx>-218</posx>
        <posy>0</posy>
        <width>602</width>
        <height>300</height>
        <colordiffuse>CCFFFFFF</colordiffuse>
        <visible>!Skin.HasSetting(HomeMenuHideKodiLogo) | Skin.HasSetting(homepageWeatherinfo)</visible>
        <texture border="0,0,0,270">GlassOverlay.png</texture>
      </control>
      <!--Logo-->
      <control type="group">
        <visible>!Skin.HasSetting(HomeMenuHideKodiLogo)</visible>
        <animation effect="zoom" start="150" end="150" time="0" condition="true">Conditional</animation>
        <control type="image">
          <description>LOGO</description>
          <left>10</left>
          <top>-3</top>
          <width>120</width>
          <height>49</height>
          <aspectratio aligny="top" align="left">keep</aspectratio>
          <texture>kodi-logo.png</texture>
          <include>VisibleFadeEffect</include>
          <include>Window_OpenClose_Animation</include>
          <visible>!Skin.HasSetting(homepageWeatherinfo)</visible>
        </control>
        <control type="label">
          <description>BMWRaspControl</description>
          <left>13</left>
          <top>37</top>
          <width>280</width>
          <height>15</height>
          <align>left</align>
          <font>font12</font>
          <textcolor>$VAR[TextColor1]</textcolor>
          <shadowcolor>black</shadowcolor>
          <label>BMWRaspControl</label>
          <visible>!Skin.HasSetting(homepageWeatherinfo)</visible>
          <include>VisibleFadeEffect</include>
          <include>Window_OpenClose_Animation</include>
        </control>
      </control>
      <control_test type="image">
        <posx>-200</posx>
        <posy>0</posy>
        <width>602</width>
        <height>300</height>
        <colordiffuse>CCFFFFFF</colordiffuse>
        <texture border="0,0,0,246">GlassOverlay.png</texture>
      </control_test>
      <control_off type="image">
        <posx>-450</posx>
        <posy>0</posy>
        <width>846</width>
        <height>720</height>
        <texture>HomeBlade_top.png</texture>
        <visible_off>!Skin.HasSetting(HomeMenuNoLogoSplash) + !Skin.HasSetting(EnableSkinDebugging)</visible_off>
      </control_off>
      <control type="image">
        <Description>mstripe</Description>
        <posx>374</posx>
        <posy>0</posy>
        <width>16</width>
        <height>720</height>
        <texture>bmw/mstripe.png</texture>
        <visible>Skin.HasSetting(HomeMenuShowBMWLogos) + Skin.HasSetting(HomeMenuShowMLogo)</visible>
      </control>
      <control type="image">
        <Description>BMW Logo Nav</Description>
        <posx>0</posx>
        <posy>50r</posy>
        <width>385</width>
        <height>49</height>
        <texture>bmw/BMWLogoNAV.png</texture>
        <visible>Skin.HasSetting(HomeMenuShowBMWLogos) + !Skin.HasSetting(HomeMenuShowMLogo)</visible>
        <animation effect="fade" start="40" time="5000" condition="Control.HasFocus(9000)" pulse="true">Conditional</animation>
      </control>
      <control type="image">Visible<description>M-LOGO</description><posx>70</posx><posy>95r</posy><width>250</width><height>70</height><texture>bmw/M_LOGO.png</texture><visible>Skin.HasSetting(HomeMenuShowBMWLogos) + Skin.HasSetting(HomeMenuShowMLogo)</visible><animation effect="fade" start="40" time="5000" condition="Control.HasFocus(9000)" pulse="true">Conditional</animation></control>
    </control>
    <!--RSS Feeds-->
    <control type="group">
      <depth>DepthMenu-</depth>
      <left>0</left>
      <top>45r</top>
      <visible>system.getbool(lookandfeel.enablerssfeeds)</visible>
      <include>Window_OpenClose_Animation</include>
      <control type="rss">
        <description>RSS feed</description>
        <left>385</left>
        <top>-10</top>
        <height>30</height>
        <width>860</width>
        <font>font38_title</font>
        <urlset>1</urlset>
        <textcolor>blue</textcolor>
        <titlecolor>blue</titlecolor>
        <headlinecolor>white</headlinecolor>
      </control>
      <control type="image">
        <description>RSS background</description>
        <left>1235</left>
        <top>0</top>
        <width>40</width>
        <height>40</height>
        <texture>icon-rss.png</texture>
      </control>
    </control>
  </include>
</includes>