﻿<?xml version="1.0" encoding="utf-8"?>
<window>
  <defaultcontrol>-</defaultcontrol>
  <coordinates>
    <left>0</left>
    <top>0</top>
  </coordinates>
  <controls>
    <control type="image" id="1">
      <description>Pointer Image</description>
      <left>0</left>
      <top>0</top>
      <width>32</width>
      <height>32</height>
      <texture>pointer-nofocus.png</texture>
    </control>
    <control type="image" id="2">
      <description>Pointer Focus Image</description>
      <left>0</left>
      <top>0</top>
      <width>32</width>
      <height>32</height>
      <texture>pointer-focus.png</texture>
    </control>
    <control type="image" id="3">
      <description>Pointer Drag Image</description>
      <left>0</left>
      <top>0</top>
      <width>32</width>
      <height>32</height>
      <texture>pointer-focus-drag.png</texture>
    </control>
    <control type="image" id="4">
      <description>Pointer Click Image</description>
      <left>0</left>
      <top>0</top>
      <width>32</width>
      <height>32</height>
      <texture>pointer-focus-click.png</texture>
    </control>
  </controls>
</window>