﻿<?xml version="1.0" encoding="utf-8" standalone="yes"?>
<addon id="plugin.script.bmwraspcontrol" name="BMWRaspControl" version="0.1.10" provider-name="harryberlin, Derhelge">
  <requires>
    <import addon="xbmc.python" version="2.1.0" />
  </requires>
  <extension point="xbmc.python.script" library="default.py" />
  <extension point="xbmc.service" library="service.py" start="login" />
  <extension point="xbmc.addon.metadata">
    <summary lang="en">Addon for BMWRaspControl HelgeInterface</summary>
    <description lang="en">Addon for BMWRaspControl HelgeInterface</description>
    <platform>linux</platform>
    <forum>http://www.bmwraspcontrol.de/board/</forum>
    <email>---</email>
    <source>not released at the moment</source>
  </extension>
</addon>