﻿<?xml version="1.0" encoding="utf-8"?>
<window>
  <defaultcontrol>-</defaultcontrol>
  <controls>
    <control type="visualisation" id="2">
      <!-- FIX ME Music Visualization needs to have an id of 2 in this window to be able to lock or change preset -->
      <description>visualisation</description>
      <left>0</left>
      <top>0</top>
      <width>1280</width>
      <height>720</height>
    </control>
    <include>CommonBackground</include>
    <!-- the Album Cover -->
    <control type="image">
      <description>cover image</description>
      <left>20</left>
      <top>30</top>
      <width>450</width>
      <height>450</height>
      <texture fallback="DefaultAlbumCover.png">$INFO[Player.Art(thumb)]</texture>
      <bordertexture border="8">ThumbShadow.png</bordertexture>
      <bordersize>8</bordersize>
    </control>
    <control type="group">
      <left>20</left>
      <!-- the music title -->
      <control type="label">
        <top>230r</top>
        <width>910</width>
        <height>50</height>
        <font>font55_title</font>
        <align>left</align>
        <label>$INFO[Player.Title]</label>
        <textcolor>$VAR[TextColor2]</textcolor>
        <shadowcolor>black</shadowcolor>
        <scroll>true</scroll>
      </control>
      <control type="label" id="1">
        <description>Artist label</description>
        <top>160r</top>
        <width>910</width>
        <height>50</height>
        <align>left</align>
        <font>font35_title</font>
        <label>$INFO[MusicPlayer.Artist]$INFO[MusicPlayer.Album, - ]</label>
        <textcolor>$VAR[TextColor2]</textcolor>
        <shadowcolor>black</shadowcolor>
      </control>
    </control>
    <!-- the progress bar -->
    <control type="progress">
      <left>5</left>
      <top>75r</top>
      <description>Progressbar</description>
      <width>1270</width>
      <height>70</height>
      <info>Player.Progress</info>
      <texturebg border="6,6,6,6">OSDProgressBack.png</texturebg>
      <midtexture border="6,6,6,6" colordiffuse="$VAR[TextColor3]">OSDProgressMid.png</midtexture>
    </control>
    <control type="slider" id="87">
      <depth>DepthOSD+</depth>
      <description>Seek Slider</description>
      <left>5</left>
      <top>75r</top>
      <width>1270</width>
      <height>70</height>
      <onup_off>702</onup_off>
      <ondown_off>26</ondown_off>
      <action>seek</action>
      <texturesliderbar>seekslider2.png</texturesliderbar>
      <textureslidernib>osd_slider_nibNF.png</textureslidernib>
      <textureslidernibfocus>osd_slider_nib.png</textureslidernibfocus>
      <animation effect="fade" time="150">VisibleChange</animation>
      <visible>Window.IsVisible(musicosd) + [![Window.IsVisible(AddonSettings) | Window.IsVisible(SelectDialog) | Window.IsVisible(VisualisationPresetList) | Window.IsVisible(PVROSDChannels) | Window.IsVisible(PVROSDGuide) | Window.IsVisible(PVRRadioRDSInfo) | Window.IsVisible(OSDAudioDSPSettings) | Window.IsVisible(Addon)]]</visible>
    </control>
    <!-- the duration label -->
    <control type="label">
      <left>0</left>
      <top>75r</top>
      <width>1280</width>
      <height>70</height>
      <font>font35_title</font>
      <align>center</align>
      <aligny>center</aligny>
      <label>$INFO[Player.Time(hh:mm:ss)] / $INFO[Player.Duration(hh:mm:ss)]</label>
      <textcolor>$VAR[TextColor2]</textcolor>
      <shadowcolor>black</shadowcolor>
    </control>
  </controls>
</window>