<?xml version="1.0" encoding="UTF-8"?>
    <addon id="repository.harryberlin" name="[COLOR red]harryberlin[/COLOR]'s Add-ons" version="1.0.0" provider-name="harryberlin">
        <requires>
            <import addon="xbmc.addon" version="12.0.0"/>
        </requires>
        <extension point="xbmc.addon.repository" name="[COLOR red]harryberlin[/COLOR]'s Add-ons">
            <info compressed="false">https://github.com/harryberlin/repository.harryberlin/raw/master/addons.xml</info>
            <checksum>https://github.com/harryberlin/repository.harryberlin/raw/master/addons.xml.md5</checksum>
            <datadir zip="true">https://github.com/harryberlin/repository.harryberlin/raw/master/</datadir>
            <hashes>false</hashes>
        </extension>
        <extension point="xbmc.addon.metadata">
            <summary>Install harryberlin's Add-ons</summary>
            <description>Download and install addons by harryberlin</description>
            <platform>all</platform>
    </extension>
</addon>