﻿<?xml version="1.0" encoding="utf-8"?>
<window id="1134" type="dialog">
  <defaultcontrol>2</defaultcontrol>
  <allowoverlay>yes</allowoverlay>
  <visible>StringCompare(Window(10000).Property(ShowPDC),1)</visible>
  <!--Set default Values on Load-->
  <onload>SetProperty(PDC_FLS,---,10000)</onload>
  <onload>SetProperty(PDC_FLC,---,10000)</onload>
  <onload>SetProperty(PDC_FRC,---,10000)</onload>
  <onload>SetProperty(PDC_FRS,---,10000)</onload>
  <onload>SetProperty(PDC_RLS,---,10000)</onload>
  <onload>SetProperty(PDC_RLC,---,10000)</onload>
  <onload>SetProperty(PDC_RRC,---,10000)</onload>
  <onload>SetProperty(PDC_RRS,---,10000)</onload>
  <coordinates>
    <posx>0</posx>
    <posy>0</posy>
  </coordinates>
  <controls>
    <control type="group">
      <posx>350r</posx>
      <posy>10</posy>
      <animation effect="slide" end="400,0" time="500" tween="quadratic" easing="out">WindowClose</animation>
      <animation effect="slide" start="400,0" time="500" tween="quadratic" easing="out" condition_off="Skin.HasSetting(ShowPDC)">WindowOpen</animation>
      <control type="image">
        <posx>15</posx>
        <posy>0</posy>
        <width>345</width>
        <height>700</height>
        <colordiffuse_off>EEFFFFFF</colordiffuse_off>
        <colordiffuse_off>$INFO[Skin.String(MenuTextColor)]</colordiffuse_off>
        <texture border="12">OverlayDialogBackground.png</texture>
      </control>
      <!--Sensor Graphic Background-->
      <control type="image">
        <posx>40</posx>
        <posy>55</posy>
        <width>296</width>
        <background>true</background>
        <height>580</height>
        <aspectratio>keep</aspectratio>
        <texture fallback="pdc\BGs\default.png">$INFO[Skin.String(PDC_CAR)]</texture>
      </control>
      <!--Sensor Value Labels-->
      <control type="group">
        <description>Front Sensor Labels</description>
        <posx>0</posx>
        <posy>15</posy>
        <control type="label">
          <description>FLS</description>
          <posx>45</posx>
          <posy>0</posy>
          <height>30</height>
          <width>80</width>
          <label>$INFO[Window(10000).Property(PDC_FLS)]</label>
          <align>center</align>
          <aligny>center</aligny>
          <font>font16_title</font>
          <textcolor>$INFO[Skin.String(MenuTextColor)]</textcolor>
          <textcolor_off>white</textcolor_off>
          <shadowcolor>$INFO[Skin.String(MenuTextColor)]</shadowcolor>
          <shadowcolor_off>grey2</shadowcolor_off>
        </control>
        <control type="label">
          <description>FLC</description>
          <posx>115</posx>
          <posy>0</posy>
          <height>30</height>
          <width>80</width>
          <label>$INFO[Window(10000).Property(PDC_FLC)]</label>
          <align>center</align>
          <aligny>center</aligny>
          <font>font16_title</font>
          <textcolor_off>white</textcolor_off>
          <shadowcolor_off>grey2</shadowcolor_off>
          <textcolor>$INFO[Skin.String(MenuTextColor)]</textcolor>
          <shadowcolor>$INFO[Skin.String(MenuTextColor)]</shadowcolor>
        </control>
        <control type="label">
          <description>FRC</description>
          <posx>180</posx>
          <posy>0</posy>
          <height>30</height>
          <width>80</width>
          <label>$INFO[Window(10000).Property(PDC_FRC)]</label>
          <align>center</align>
          <aligny>center</aligny>
          <font>font16_title</font>
          <textcolor_off>white</textcolor_off>
          <shadowcolor_off>grey2</shadowcolor_off>
          <textcolor>$INFO[Skin.String(MenuTextColor)]</textcolor>
          <shadowcolor>$INFO[Skin.String(MenuTextColor)]</shadowcolor>
        </control>
        <control type="label">
          <description>FRS</description>
          <posx>250</posx>
          <posy>0</posy>
          <height>30</height>
          <width>80</width>
          <label>$INFO[Window(10000).Property(PDC_FRS)]</label>
          <align>center</align>
          <aligny>center</aligny>
          <font>font16_title</font>
          <textcolor_off>white</textcolor_off>
          <shadowcolor_off>grey2</shadowcolor_off>
          <textcolor>$INFO[Skin.String(MenuTextColor)]</textcolor>
          <shadowcolor>$INFO[Skin.String(MenuTextColor)]</shadowcolor>
        </control>
      </control>
      <control type="group">
        <description>Back Sensor Labels</description>
        <posx>0</posx>
        <posy>60r</posy>
        <control type="label">
          <description>RLS</description>
          <posx>45</posx>
          <posy>0</posy>
          <height>30</height>
          <width>80</width>
          <label>$INFO[Window(10000).Property(PDC_RLS)]</label>
          <align>center</align>
          <aligny>center</aligny>
          <font>font16_title</font>
          <textcolor_off>white</textcolor_off>
          <shadowcolor_off>grey2</shadowcolor_off>
          <textcolor>$INFO[Skin.String(MenuTextColor)]</textcolor>
          <shadowcolor>$INFO[Skin.String(MenuTextColor)]</shadowcolor>
        </control>
        <control type="label">
          <description>RLC</description>
          <posx>115</posx>
          <posy>0</posy>
          <height>30</height>
          <width>80</width>
          <label>$INFO[Window(10000).Property(PDC_RLC)]</label>
          <align>center</align>
          <aligny>center</aligny>
          <font>font16_title</font>
          <textcolor_off>white</textcolor_off>
          <shadowcolor_off>grey2</shadowcolor_off>
          <textcolor>$INFO[Skin.String(MenuTextColor)]</textcolor>
          <shadowcolor>$INFO[Skin.String(MenuTextColor)]</shadowcolor>
        </control>
        <control type="label">
          <description>RRC</description>
          <posx>180</posx>
          <posy>0</posy>
          <height>30</height>
          <width>80</width>
          <label>$INFO[Window(10000).Property(PDC_RRC)]</label>
          <align>center</align>
          <aligny>center</aligny>
          <font>font16_title</font>
          <textcolor_off>white</textcolor_off>
          <shadowcolor_off>grey2</shadowcolor_off>
          <textcolor>$INFO[Skin.String(MenuTextColor)]</textcolor>
          <shadowcolor>$INFO[Skin.String(MenuTextColor)]</shadowcolor>
        </control>
        <control type="label">
          <description>RRS</description>
          <posx>250</posx>
          <posy>0</posy>
          <height>30</height>
          <width>80</width>
          <label>$INFO[Window(10000).Property(PDC_RRS)]</label>
          <align>center</align>
          <aligny>center</aligny>
          <font>font16_title</font>
          <textcolor_off>white</textcolor_off>
          <shadowcolor_off>grey2</shadowcolor_off>
          <textcolor>$INFO[Skin.String(MenuTextColor)]</textcolor>
          <shadowcolor>$INFO[Skin.String(MenuTextColor)]</shadowcolor>
        </control>
      </control>
      <!--Sensor Value Images-->
      <control type="group">
        <description>Front Sensor Images</description>
        <posx>0</posx>
        <posy>0</posy>
        <control type="multiimage">
          <description>FLS</description>
          <posx>58</posx>
          <posy>62</posy>
          <width>58</width>
          <height>118</height>
          <fadetime>300</fadetime>
          <timeperimage>2000</timeperimage>
          <randomize>true</randomize>
          <aspectratio align="center">scale</aspectratio>
          <imagepath>$VAR[PDC_FLS]</imagepath>
        </control>
        <control type="multiimage">
          <description>FLC</description>
          <posx>125</posx>
          <posy>58</posy>
          <width>58</width>
          <height>118</height>
          <fadetime>0</fadetime>
          <timeperimage>2000</timeperimage>
          <randomize>true</randomize>
          <aspectratio align="center">scale</aspectratio>
          <imagepath>$VAR[PDC_FLC]</imagepath>
        </control>
        <control type="multiimage">
          <description>FRC</description>
          <posx>193</posx>
          <posy>58</posy>
          <width>58</width>
          <height>118</height>
          <fadetime>0</fadetime>
          <timeperimage>2000</timeperimage>
          <randomize>true</randomize>
          <aspectratio align="center">scale</aspectratio>
          <imagepath flipx="true">$VAR[PDC_FRC]</imagepath>
        </control>
        <control type="multiimage">
          <description>FRS</description>
          <posx>260</posx>
          <posy>62</posy>
          <width>58</width>
          <height>118</height>
          <fadetime>0</fadetime>
          <timeperimage>2000</timeperimage>
          <randomize>true</randomize>
          <aspectratio align="center">scale</aspectratio>
          <imagepath flipx="true">$VAR[PDC_FRS]</imagepath>
        </control>
      </control>
      <control type="group">
        <description>Back Sensor Images</description>
        <posx>0</posx>
        <posy>450</posy>
        <control type="multiimage">
          <description>RLS</description>
          <posx>58</posx>
          <posy>62</posy>
          <width>58</width>
          <height>118</height>
          <fadetime>0</fadetime>
          <timeperimage>2000</timeperimage>
          <randomize>true</randomize>
          <aspectratio align="center">scale</aspectratio>
          <imagepath flipy="true">$VAR[PDC_RLS]</imagepath>
        </control>
        <control type="multiimage">
          <description>RLC</description>
          <posx>125</posx>
          <posy>64</posy>
          <width>58</width>
          <height>118</height>
          <fadetime>0</fadetime>
          <timeperimage>2000</timeperimage>
          <randomize>true</randomize>
          <aspectratio align="center">scale</aspectratio>
          <imagepath flipy="true">$VAR[PDC_RLC]</imagepath>
        </control>
        <control type="multiimage">
          <description>RRC</description>
          <posx>193</posx>
          <posy>64</posy>
          <width>58</width>
          <height>118</height>
          <fadetime>0</fadetime>
          <timeperimage>2000</timeperimage>
          <randomize>true</randomize>
          <aspectratio align="center">scale</aspectratio>
          <imagepath flipx="true" flipy="true">$VAR[PDC_RRC]</imagepath>
        </control>
        <control type="multiimage">
          <description>RRS</description>
          <posx>260</posx>
          <posy>62</posy>
          <width>58</width>
          <height>118</height>
          <fadetime>0</fadetime>
          <timeperimage>2000</timeperimage>
          <randomize>true</randomize>
          <aspectratio align="center">scale</aspectratio>
          <imagepath flipx="true" flipy="true">$VAR[PDC_RRS]</imagepath>
        </control>
      </control>
    </control>
  </controls>
</window>