﻿<?xml version="1.0" encoding="utf-8"?>
<window>
  <defaultcontrol always="true">300</defaultcontrol>
  <include>dialogeffect</include>
  <coordinates>
    <system>2</system>
    <posx>230</posx>
    <posy>120</posy>
  </coordinates>
  <controls>
    <control type="group">
      <include>VisibleFadeEffect</include>
      <animation type="WindowOpen">
        <effect type="zoom" end="160" center="auto" time="0"></effect>
        <effect type="slide" end="120,80" time="0" />
      </animation>
      <animation type="WindowClose">
        <effect type="zoom" start="160" end="0" center="auto" time="0"></effect>
        <effect type="slide" end="120,80" time="0" />
      </animation>
      <visible>!Window.IsVisible(numericinput)</visible>
      <control type="image">
        <posx>0</posx>
        <posy>0</posy>
        <width>760</width>
        <height>415</height>
        <texture border="40">DialogBack.png</texture>
      </control>
      <control type="image">
        <description>Dialog Header image</description>
        <posx>40</posx>
        <posy>16</posy>
        <width>780</width>
        <height>40</height>
        <texture>dialogheader.png</texture>
      </control>
      <control type="label" id="311">
        <description>header label</description>
        <posx>40</posx>
        <posy>20</posy>
        <width>720</width>
        <height>30</height>
        <font>font13_title</font>
        <align>center</align>
        <aligny>center</aligny>
        <textcolor>selected</textcolor>
        <shadowcolor>black</shadowcolor>
      </control>
      <!--Close Button-->
      <control type="button" id="301">
        <description>Close Window button</description>
        <posx>670</posx>
        <posy>15</posy>
        <width>64</width>
        <height>32</height>
        <label>-</label>
        <font>-</font>
        <onclick>PreviousMenu</onclick>
        <texturefocus>DialogCloseButton-focus.png</texturefocus>
        <texturenofocus>DialogCloseButton.png</texturenofocus>
        <onleft>3</onleft>
        <onright>3</onright>
        <onup>307</onup>
        <ondown>300</ondown>
        <visible_off>system.getbool(input.enablemouse)</visible_off>
      </control>
      <control type="image">
        <posx>30</posx>
        <posy>60</posy>
        <width>700</width>
        <height>50</height>
        <aspectratio>stretch</aspectratio>
        <texture border="20">KeyboardEditArea.png</texture>
      </control>
      <control type="edit" id="312">
        <description>Edit Text</description>
        <posx>35</posx>
        <posy>60</posy>
        <width>690</width>
        <height>50</height>
        <font>font13</font>
        <align>center</align>
        <aligny>center</aligny>
      </control>
      <control type="image">
        <posx>130</posx>
        <posy>110</posy>
        <width>600</width>
        <height>30</height>
        <aspectratio>stretch</aspectratio>
        <texture>DialogHeader.png</texture>
      </control>
      <!--Keys-->
      <control type="group">
        <posx>30</posx>
        <posy>140</posy>
        <!--control buttons-->
        <control_off type="button" id="309">
          <description>layout</description>
          <width>360</width>
          <height>74</height>
          <onleft>111</onleft>
          <onright>100</onright>
          <font>OLD_Font48</font>
          <label>20177</label>
        </control_off>
        <control type="button" id="300">
          <description>DONE button</description>
          <posx>0</posx>
          <posy>0</posy>
          <width>200</width>
          <height>50</height>
          <label>20177</label>
          <onleft>-</onleft>
          <onright>109</onright>
          <onup>301</onup>
          <ondown>303</ondown>
          <texturenofocus border="25,25,5,5">KeyboardCornerTopNF.png</texturenofocus>
          <texturefocus border="25,25,5,5">KeyboardCornerTop.png</texturefocus>
          <align>center</align>
          <aligny>center</aligny>
          <font>font13</font>
          <focusedcolor>black</focusedcolor>
        </control>
        <control type="radiobutton" id="303">
          <description>CAPS LOCK button</description>
          <posx>0</posx>
          <posy>50</posy>
          <width>200</width>
          <height>50</height>
          <label>20179</label>
          <onleft>-</onleft>
          <onright>140</onright>
          <onup>300</onup>
          <ondown>302</ondown>
          <texturenofocus border="3">KeyboardKeyNF.png</texturenofocus>
          <texturefocus border="5">KeyboardKey.png</texturefocus>
          <radioposy>5</radioposy>
          <radiowidth>20</radiowidth>
          <radioheight>20</radioheight>
          <align>center</align>
          <aligny>center</aligny>
          <font>font13</font>
          <focusedcolor>black</focusedcolor>
        </control>
        <control type="radiobutton" id="302">
          <description>SHIFT button</description>
          <posx>0</posx>
          <posy>100</posy>
          <width>200</width>
          <height>50</height>
          <label>20178</label>
          <onleft>-</onleft>
          <onright>147</onright>
          <onup>303</onup>
          <ondown>304</ondown>
          <texturenofocus border="3">KeyboardKeyNF.png</texturenofocus>
          <texturefocus border="5">KeyboardKey.png</texturefocus>
          <radioposy>5</radioposy>
          <radiowidth>20</radiowidth>
          <radioheight>20</radioheight>
          <align>center</align>
          <aligny>center</aligny>
          <font>font13</font>
          <focusedcolor>black</focusedcolor>
        </control>
        <control type="radiobutton" id="304">
          <description>Symbols button</description>
          <posx>0</posx>
          <posy>150</posy>
          <width>200</width>
          <height>50</height>
          <label>20180</label>
          <onleft>-</onleft>
          <onright>126</onright>
          <onup>302</onup>
          <ondown>307</ondown>
          <texturenofocus border="3">KeyboardKeyNF.png</texturenofocus>
          <texturefocus border="5">KeyboardKey.png</texturefocus>
          <radioposy>5</radioposy>
          <radiowidth>20</radiowidth>
          <radioheight>20</radioheight>
          <align>center</align>
          <aligny>center</aligny>
          <font>font13</font>
          <focusedcolor>black</focusedcolor>
        </control>
        <control type="button" id="307">
          <description>IP Input button</description>
          <posx>0</posx>
          <posy>200</posy>
          <width>200</width>
          <height>50</height>
          <texturenofocus border="25,5,25,5">KeyboardCornerBottomNF.png</texturenofocus>
          <texturefocus border="25,5,25,5">KeyboardCornerBottom.png</texturefocus>
          <label>1006</label>
          <font>font13</font>
          <align>center</align>
          <aligny>center</aligny>
          <onleft>-</onleft>
          <onright>32</onright>
          <onup>304</onup>
          <ondown>301</ondown>
          <focusedcolor>black</focusedcolor>
        </control>
        <!--0 - 9-->
        <control type="button" id="109">
          <description>'0' button</description>
          <posx>200</posx>
          <posy>0</posy>
          <width>50</width>
          <height>50</height>
          <onleft>300</onleft>
          <onright>-</onright>
          <onup>100</onup>
          <ondown>306</ondown>
          <texturenofocus border="3">KeyboardKeyNF.png</texturenofocus>
          <texturefocus border="5">KeyboardKey.png</texturefocus>
          <align>center</align>
          <aligny>center</aligny>
          <font>font13</font>
          <focusedcolor>black</focusedcolor>
        </control>
        <control type="button" id="100">
          <description>'1' button</description>
          <posx>250</posx>
          <posy>0</posy>
          <width>50</width>
          <height>50</height>
          <onleft>300</onleft>
          <onright>-</onright>
          <onup>101</onup>
          <ondown>109</ondown>
          <texturenofocus border="3">KeyboardKeyNF.png</texturenofocus>
          <texturefocus border="5">KeyboardKey.png</texturefocus>
          <align>center</align>
          <aligny>center</aligny>
          <font>font13</font>
          <focusedcolor>black</focusedcolor>
        </control>
        <control type="button" id="101">
          <description>'2' button</description>
          <posx>300</posx>
          <posy>0</posy>
          <width>50</width>
          <height>50</height>
          <onleft>300</onleft>
          <onright>-</onright>
          <onup>102</onup>
          <ondown>100</ondown>
          <texturenofocus border="3">KeyboardKeyNF.png</texturenofocus>
          <texturefocus border="5">KeyboardKey.png</texturefocus>
          <align>center</align>
          <aligny>center</aligny>
          <font>font13</font>
          <focusedcolor>black</focusedcolor>
        </control>
        <control type="button" id="102">
          <description>'3' button</description>
          <posx>350</posx>
          <posy>0</posy>
          <width>50</width>
          <height>50</height>
          <onleft>300</onleft>
          <onright>-</onright>
          <onup>103</onup>
          <ondown>101</ondown>
          <texturenofocus border="3">KeyboardKeyNF.png</texturenofocus>
          <texturefocus border="5">KeyboardKey.png</texturefocus>
          <align>center</align>
          <aligny>center</aligny>
          <font>font13</font>
          <focusedcolor>black</focusedcolor>
        </control>
        <control type="button" id="103">
          <description>'4' button</description>
          <posx>400</posx>
          <posy>0</posy>
          <width>50</width>
          <height>50</height>
          <onleft>300</onleft>
          <onright>-</onright>
          <onup>104</onup>
          <ondown>102</ondown>
          <texturenofocus border="3">KeyboardKeyNF.png</texturenofocus>
          <texturefocus border="5">KeyboardKey.png</texturefocus>
          <align>center</align>
          <aligny>center</aligny>
          <font>font13</font>
          <focusedcolor>black</focusedcolor>
        </control>
        <control type="button" id="104">
          <description>'5' button</description>
          <posx>450</posx>
          <posy>0</posy>
          <width>50</width>
          <height>50</height>
          <onleft>300</onleft>
          <onright>-</onright>
          <onup>105</onup>
          <ondown>103</ondown>
          <texturenofocus border="3">KeyboardKeyNF.png</texturenofocus>
          <texturefocus border="5">KeyboardKey.png</texturefocus>
          <align>center</align>
          <aligny>center</aligny>
          <font>font13</font>
          <focusedcolor>black</focusedcolor>
        </control>
        <control type="button" id="105">
          <description>'6' button</description>
          <posx>500</posx>
          <posy>0</posy>
          <width>50</width>
          <height>50</height>
          <onleft>300</onleft>
          <onright>-</onright>
          <onup>106</onup>
          <ondown>104</ondown>
          <texturenofocus border="3">KeyboardKeyNF.png</texturenofocus>
          <texturefocus border="5">KeyboardKey.png</texturefocus>
          <align>center</align>
          <aligny>center</aligny>
          <font>font13</font>
          <focusedcolor>black</focusedcolor>
        </control>
        <control type="button" id="106">
          <description>'7' button</description>
          <posx>550</posx>
          <posy>0</posy>
          <width>50</width>
          <height>50</height>
          <onleft>300</onleft>
          <onright>-</onright>
          <onup>107</onup>
          <ondown>105</ondown>
          <texturenofocus border="3">KeyboardKeyNF.png</texturenofocus>
          <texturefocus border="5">KeyboardKey.png</texturefocus>
          <align>center</align>
          <aligny>center</aligny>
          <font>font13</font>
          <focusedcolor>black</focusedcolor>
        </control>
        <control type="button" id="107">
          <description>'8' button</description>
          <posx>600</posx>
          <posy>0</posy>
          <width>50</width>
          <height>50</height>
          <onleft>300</onleft>
          <onright>-</onright>
          <onup>108</onup>
          <ondown>106</ondown>
          <texturenofocus border="3">KeyboardKeyNF.png</texturenofocus>
          <texturefocus border="5">KeyboardKey.png</texturefocus>
          <align>center</align>
          <aligny>center</aligny>
          <font>font13</font>
          <focusedcolor>black</focusedcolor>
        </control>
        <control type="button" id="108">
          <description>'9' button</description>
          <posx>650</posx>
          <posy>0</posy>
          <width>50</width>
          <height>50</height>
          <onleft>300</onleft>
          <onright>-</onright>
          <onup>140</onup>
          <ondown>107</ondown>
          <texturenofocus flipx="true" border="5,25,25,5">KeyboardCornerTopNF.png</texturenofocus>
          <texturefocus flipx="true" border="5,25,25,5">KeyboardCornerTop.png</texturefocus>
          <align>center</align>
          <aligny>center</aligny>
          <font>font13</font>
          <focusedcolor>black</focusedcolor>
        </control>
        <!--A - Z-->
        <control type="button" id="140">
          <description>'A' button</description>
          <posx>200</posx>
          <posy>50</posy>
          <width>50</width>
          <height>50</height>
          <onleft>303</onleft>
          <onright>-</onright>
          <onup>164</onup>
          <ondown>108</ondown>
          <texturenofocus border="3">KeyboardKeyNF.png</texturenofocus>
          <texturefocus border="5">KeyboardKey.png</texturefocus>
          <align>center</align>
          <aligny>center</aligny>
          <font>font13</font>
          <focusedcolor>black</focusedcolor>
        </control>
        <control type="button" id="164">
          <description>'B' button</description>
          <posx>250</posx>
          <posy>50</posy>
          <width>50</width>
          <height>50</height>
          <onleft>303</onleft>
          <onright>-</onright>
          <onup>162</onup>
          <ondown>140</ondown>
          <texturenofocus border="3">KeyboardKeyNF.png</texturenofocus>
          <texturefocus border="5">KeyboardKey.png</texturefocus>
          <align>center</align>
          <aligny>center</aligny>
          <font>font13</font>
          <focusedcolor>black</focusedcolor>
        </control>
        <control type="button" id="162">
          <description>'C' button</description>
          <posx>300</posx>
          <posy>50</posy>
          <width>50</width>
          <height>50</height>
          <onleft>303</onleft>
          <onright>-</onright>
          <onup>142</onup>
          <ondown>164</ondown>
          <texturenofocus border="3">KeyboardKeyNF.png</texturenofocus>
          <texturefocus border="5">KeyboardKey.png</texturefocus>
          <align>center</align>
          <aligny>center</aligny>
          <font>font13</font>
          <focusedcolor>black</focusedcolor>
        </control>
        <control type="button" id="142">
          <description>'D' button</description>
          <posx>350</posx>
          <posy>50</posy>
          <width>50</width>
          <height>50</height>
          <onleft>303</onleft>
          <onright>-</onright>
          <onup>122</onup>
          <ondown>162</ondown>
          <texturenofocus border="3">KeyboardKeyNF.png</texturenofocus>
          <texturefocus border="5">KeyboardKey.png</texturefocus>
          <align>center</align>
          <aligny>center</aligny>
          <font>font13</font>
          <focusedcolor>black</focusedcolor>
        </control>
        <control type="button" id="122">
          <description>'E' button</description>
          <posx>400</posx>
          <posy>50</posy>
          <width>50</width>
          <height>50</height>
          <onleft>303</onleft>
          <onright>-</onright>
          <onup>143</onup>
          <ondown>142</ondown>
          <texturenofocus border="3">KeyboardKeyNF.png</texturenofocus>
          <texturefocus border="5">KeyboardKey.png</texturefocus>
          <align>center</align>
          <aligny>center</aligny>
          <font>font13</font>
          <focusedcolor>black</focusedcolor>
        </control>
        <control type="button" id="143">
          <description>'F' button</description>
          <posx>450</posx>
          <posy>50</posy>
          <width>50</width>
          <height>50</height>
          <onleft>303</onleft>
          <onright>-</onright>
          <onup>144</onup>
          <ondown>122</ondown>
          <texturenofocus border="3">KeyboardKeyNF.png</texturenofocus>
          <texturefocus border="5">KeyboardKey.png</texturefocus>
          <align>center</align>
          <aligny>center</aligny>
          <font>font13</font>
          <focusedcolor>black</focusedcolor>
        </control>
        <control type="button" id="144">
          <description>'G' button</description>
          <posx>500</posx>
          <posy>50</posy>
          <width>50</width>
          <height>50</height>
          <onleft>303</onleft>
          <onright>-</onright>
          <onup>145</onup>
          <ondown>143</ondown>
          <texturenofocus border="3">KeyboardKeyNF.png</texturenofocus>
          <texturefocus border="5">KeyboardKey.png</texturefocus>
          <align>center</align>
          <aligny>center</aligny>
          <font>font13</font>
          <focusedcolor>black</focusedcolor>
        </control>
        <control type="button" id="145">
          <description>'H' button</description>
          <posx>550</posx>
          <posy>50</posy>
          <width>50</width>
          <height>50</height>
          <onleft>303</onleft>
          <onright>-</onright>
          <onup>127</onup>
          <ondown>144</ondown>
          <texturenofocus border="3">KeyboardKeyNF.png</texturenofocus>
          <texturefocus border="5">KeyboardKey.png</texturefocus>
          <align>center</align>
          <aligny>center</aligny>
          <font>font13</font>
          <focusedcolor>black</focusedcolor>
        </control>
        <control type="button" id="127">
          <description>'I' button</description>
          <posx>600</posx>
          <posy>50</posy>
          <width>50</width>
          <height>50</height>
          <onleft>303</onleft>
          <onright>-</onright>
          <onup>146</onup>
          <ondown>145</ondown>
          <texturenofocus border="3">KeyboardKeyNF.png</texturenofocus>
          <texturefocus border="5">KeyboardKey.png</texturefocus>
          <align>center</align>
          <aligny>center</aligny>
          <font>font13</font>
          <focusedcolor>black</focusedcolor>
        </control>
        <control type="button" id="146">
          <description>'J' button</description>
          <posx>650</posx>
          <posy>50</posy>
          <width>50</width>
          <height>50</height>
          <onleft>303</onleft>
          <onright>-</onright>
          <onup>147</onup>
          <ondown>127</ondown>
          <texturenofocus border="3">KeyboardKeyNF.png</texturenofocus>
          <texturefocus border="5">KeyboardKey.png</texturefocus>
          <align>center</align>
          <aligny>center</aligny>
          <font>font13</font>
          <focusedcolor>black</focusedcolor>
        </control>
        <control type="button" id="147">
          <description>'K' button</description>
          <posx>200</posx>
          <posy>100</posy>
          <width>50</width>
          <height>50</height>
          <onleft>302</onleft>
          <onright>-</onright>
          <onup>148</onup>
          <ondown>146</ondown>
          <texturenofocus border="3">KeyboardKeyNF.png</texturenofocus>
          <texturefocus border="5">KeyboardKey.png</texturefocus>
          <align>center</align>
          <aligny>center</aligny>
          <font>font13</font>
          <focusedcolor>black</focusedcolor>
        </control>
        <control type="button" id="148">
          <description>'L' button</description>
          <posx>250</posx>
          <posy>100</posy>
          <width>50</width>
          <height>50</height>
          <onleft>302</onleft>
          <onright>-</onright>
          <onup>166</onup>
          <ondown>147</ondown>
          <texturenofocus border="3">KeyboardKeyNF.png</texturenofocus>
          <texturefocus border="5">KeyboardKey.png</texturefocus>
          <align>center</align>
          <aligny>center</aligny>
          <font>font13</font>
          <focusedcolor>black</focusedcolor>
        </control>
        <control type="button" id="166">
          <description>'M' button</description>
          <posx>300</posx>
          <posy>100</posy>
          <width>50</width>
          <height>50</height>
          <onleft>302</onleft>
          <onright>-</onright>
          <onup>165</onup>
          <ondown>148</ondown>
          <texturenofocus border="3">KeyboardKeyNF.png</texturenofocus>
          <texturefocus border="5">KeyboardKey.png</texturefocus>
          <align>center</align>
          <aligny>center</aligny>
          <font>font13</font>
          <focusedcolor>black</focusedcolor>
        </control>
        <control type="button" id="165">
          <description>'N' button</description>
          <posx>350</posx>
          <posy>100</posy>
          <width>50</width>
          <height>50</height>
          <onleft>302</onleft>
          <onright>-</onright>
          <onup>128</onup>
          <ondown>166</ondown>
          <texturenofocus border="3">KeyboardKeyNF.png</texturenofocus>
          <texturefocus border="5">KeyboardKey.png</texturefocus>
          <align>center</align>
          <aligny>center</aligny>
          <font>font13</font>
          <focusedcolor>black</focusedcolor>
        </control>
        <control type="button" id="128">
          <description>'O' button</description>
          <posx>400</posx>
          <posy>100</posy>
          <width>50</width>
          <height>50</height>
          <onleft>302</onleft>
          <onright>-</onright>
          <onup>129</onup>
          <ondown>165</ondown>
          <texturenofocus border="3">KeyboardKeyNF.png</texturenofocus>
          <texturefocus border="5">KeyboardKey.png</texturefocus>
          <align>center</align>
          <aligny>center</aligny>
          <font>font13</font>
          <focusedcolor>black</focusedcolor>
        </control>
        <control type="button" id="129">
          <description>'P' button</description>
          <posx>450</posx>
          <posy>100</posy>
          <width>50</width>
          <height>50</height>
          <onleft>302</onleft>
          <onright>-</onright>
          <onup>120</onup>
          <ondown>128</ondown>
          <texturenofocus border="3">KeyboardKeyNF.png</texturenofocus>
          <texturefocus border="5">KeyboardKey.png</texturefocus>
          <align>center</align>
          <aligny>center</aligny>
          <font>font13</font>
          <focusedcolor>black</focusedcolor>
        </control>
        <control type="button" id="120">
          <description>'Q' button</description>
          <posx>500</posx>
          <posy>100</posy>
          <width>50</width>
          <height>50</height>
          <onleft>302</onleft>
          <onright>-</onright>
          <onup>123</onup>
          <ondown>129</ondown>
          <texturenofocus border="3">KeyboardKeyNF.png</texturenofocus>
          <texturefocus border="5">KeyboardKey.png</texturefocus>
          <align>center</align>
          <aligny>center</aligny>
          <font>font13</font>
          <focusedcolor>black</focusedcolor>
        </control>
        <control type="button" id="123">
          <description>'R' button</description>
          <posx>550</posx>
          <posy>100</posy>
          <width>50</width>
          <height>50</height>
          <onleft>302</onleft>
          <onright>-</onright>
          <onup>141</onup>
          <ondown>120</ondown>
          <texturenofocus border="3">KeyboardKeyNF.png</texturenofocus>
          <texturefocus border="5">KeyboardKey.png</texturefocus>
          <align>center</align>
          <aligny>center</aligny>
          <font>font13</font>
          <focusedcolor>black</focusedcolor>
        </control>
        <control type="button" id="141">
          <description>'S' button</description>
          <posx>600</posx>
          <posy>100</posy>
          <width>50</width>
          <height>50</height>
          <onleft>302</onleft>
          <onright>-</onright>
          <onup>124</onup>
          <ondown>123</ondown>
          <texturenofocus border="3">KeyboardKeyNF.png</texturenofocus>
          <texturefocus border="5">KeyboardKey.png</texturefocus>
          <align>center</align>
          <aligny>center</aligny>
          <font>font13</font>
          <focusedcolor>black</focusedcolor>
        </control>
        <control type="button" id="124">
          <description>'T' button</description>
          <posx>650</posx>
          <posy>100</posy>
          <width>50</width>
          <height>50</height>
          <onleft>302</onleft>
          <onright>-</onright>
          <onup>126</onup>
          <ondown>141</ondown>
          <texturenofocus border="3">KeyboardKeyNF.png</texturenofocus>
          <texturefocus border="5">KeyboardKey.png</texturefocus>
          <align>center</align>
          <aligny>center</aligny>
          <font>font13</font>
          <focusedcolor>black</focusedcolor>
        </control>
        <control type="button" id="126">
          <description>'U' button</description>
          <posx>200</posx>
          <posy>150</posy>
          <width>50</width>
          <height>50</height>
          <onleft>304</onleft>
          <onright>-</onright>
          <onup>163</onup>
          <ondown>124</ondown>
          <texturenofocus border="3">KeyboardKeyNF.png</texturenofocus>
          <texturefocus border="5">KeyboardKey.png</texturefocus>
          <align>center</align>
          <aligny>center</aligny>
          <font>font13</font>
          <focusedcolor>black</focusedcolor>
        </control>
        <control type="button" id="163">
          <description>'V' button</description>
          <posx>250</posx>
          <posy>150</posy>
          <width>50</width>
          <height>50</height>
          <onleft>304</onleft>
          <onright>-</onright>
          <onup>121</onup>
          <ondown>126</ondown>
          <texturenofocus border="3">KeyboardKeyNF.png</texturenofocus>
          <texturefocus border="5">KeyboardKey.png</texturefocus>
          <align>center</align>
          <aligny>center</aligny>
          <font>font13</font>
          <focusedcolor>black</focusedcolor>
        </control>
        <control type="button" id="121">
          <description>'W' button</description>
          <posx>300</posx>
          <posy>150</posy>
          <width>50</width>
          <height>50</height>
          <onleft>304</onleft>
          <onright>-</onright>
          <onup>161</onup>
          <ondown>163</ondown>
          <texturenofocus border="3">KeyboardKeyNF.png</texturenofocus>
          <texturefocus border="5">KeyboardKey.png</texturefocus>
          <align>center</align>
          <aligny>center</aligny>
          <font>font13</font>
          <focusedcolor>black</focusedcolor>
        </control>
        <control type="button" id="161">
          <description>'X' button</description>
          <posx>350</posx>
          <posy>150</posy>
          <width>50</width>
          <height>50</height>
          <onleft>304</onleft>
          <onright>-</onright>
          <onup>160</onup>
          <ondown>121</ondown>
          <texturenofocus border="3">KeyboardKeyNF.png</texturenofocus>
          <texturefocus border="5">KeyboardKey.png</texturefocus>
          <align>center</align>
          <aligny>center</aligny>
          <font>font13</font>
          <focusedcolor>black</focusedcolor>
        </control>
        <control type="button" id="160">
          <description>'Y' button</description>
          <posx>400</posx>
          <posy>150</posy>
          <width>50</width>
          <height>50</height>
          <onleft>304</onleft>
          <onright>-</onright>
          <onup>125</onup>
          <ondown>161</ondown>
          <texturenofocus border="3">KeyboardKeyNF.png</texturenofocus>
          <texturefocus border="5">KeyboardKey.png</texturefocus>
          <align>center</align>
          <aligny>center</aligny>
          <font>font13</font>
          <focusedcolor>black</focusedcolor>
        </control>
        <control type="button" id="125">
          <description>'Z' button</description>
          <posx>450</posx>
          <posy>150</posy>
          <width>50</width>
          <height>50</height>
          <onleft>304</onleft>
          <onright>-</onright>
          <onup>150</onup>
          <ondown>160</ondown>
          <texturenofocus border="3">KeyboardKeyNF.png</texturenofocus>
          <texturefocus border="5">KeyboardKey.png</texturefocus>
          <align>center</align>
          <aligny>center</aligny>
          <font>font13</font>
          <focusedcolor>black</focusedcolor>
        </control>
        <!--ÄÖÜ-->
        <control type="button" id="-">
          <description>'?' button</description>
          <posx>500</posx>
          <posy>150</posy>
          <width>50</width>
          <height>50</height>
          <onleft>80</onleft>
          <onright>82</onright>
          <onup>71</onup>
          <ondown>8</ondown>
          <texturenofocus border="3">KeyboardKeyNF.png</texturenofocus>
          <texturefocus border="5">KeyboardKey.png</texturefocus>
          <align>center</align>
          <aligny>center</aligny>
          <font>font13</font>
          <focusedcolor>black</focusedcolor>
        </control>
        <control type="button" id="150">
          <description>'Ä' button</description>
          <posx>550</posx>
          <posy>150</posy>
          <width>50</width>
          <height>50</height>
          <onleft>304</onleft>
          <onright>-</onright>
          <onup>149</onup>
          <ondown>125</ondown>
          <texturenofocus border="3">KeyboardKeyNF.png</texturenofocus>
          <texturefocus border="5">KeyboardKey.png</texturefocus>
          <align>center</align>
          <aligny>center</aligny>
          <font>font13</font>
          <focusedcolor>black</focusedcolor>
        </control>
        <control type="button" id="149">
          <description>'Ö' button</description>
          <posx>600</posx>
          <posy>150</posy>
          <width>50</width>
          <height>50</height>
          <onleft>304</onleft>
          <onright>-</onright>
          <onup>130</onup>
          <ondown>150</ondown>
          <texturenofocus border="3">KeyboardKeyNF.png</texturenofocus>
          <texturefocus border="5">KeyboardKey.png</texturefocus>
          <align>center</align>
          <aligny>center</aligny>
          <font>font13</font>
          <focusedcolor>black</focusedcolor>
        </control>
        <control type="button" id="130">
          <description>'Ü' button</description>
          <posx>650</posx>
          <posy>150</posy>
          <width>50</width>
          <height>50</height>
          <onleft>304</onleft>
          <onright>-</onright>
          <onup>32</onup>
          <ondown>149</ondown>
          <texturenofocus border="3">KeyboardKeyNF.png</texturenofocus>
          <texturefocus border="5">KeyboardKey.png</texturefocus>
          <align>center</align>
          <aligny>center</aligny>
          <font>font13</font>
          <focusedcolor>black</focusedcolor>
        </control>
        <!--space,del,jump-->
        <control type="button" id="32">
          <description>SPACE button</description>
          <posx>200</posx>
          <posy>200</posy>
          <width>200</width>
          <height>50</height>
          <label>20182</label>
          <texturenofocus border="3">KeyboardKeyNF.png</texturenofocus>
          <texturefocus border="5">KeyboardKey.png</texturefocus>
          <align>center</align>
          <aligny>center</aligny>
          <font>font13</font>
          <focusedcolor>black</focusedcolor>
          <onleft>307</onleft>
          <onright>-</onright>
          <onup>8</onup>
          <ondown>130</ondown>
        </control>
        <control type="button" id="8">
          <description>BACKSPACE button</description>
          <posx>400</posx>
          <posy>200</posy>
          <width>150</width>
          <height>50</height>
          <label>20181</label>
          <onleft>307</onleft>
          <onright>-</onright>
          <onup>305</onup>
          <ondown>32</ondown>
          <texturenofocus border="3">KeyboardKeyNF.png</texturenofocus>
          <texturefocus border="5">KeyboardKey.png</texturefocus>
          <align>center</align>
          <aligny>center</aligny>
          <font>font13</font>
          <focusedcolor>black</focusedcolor>
        </control>
        <control type="button" id="305">
          <description>previous button</description>
          <posx>550</posx>
          <posy>200</posy>
          <width>75</width>
          <height>50</height>
          <label>&lt;</label>
          <align>center</align>
          <aligny>center</aligny>
          <texturenofocus border="3">KeyboardKeyNF.png</texturenofocus>
          <texturefocus border="5">KeyboardKey.png</texturefocus>
          <font>font30</font>
          <focusedcolor>black</focusedcolor>
          <onleft>307</onleft>
          <onright>-</onright>
          <onup>306</onup>
          <ondown>8</ondown>
        </control>
        <control type="button" id="306">
          <description>next button</description>
          <posx>625</posx>
          <posy>200</posy>
          <width>75</width>
          <height>50</height>
          <label>&gt;</label>
          <align>center</align>
          <aligny>center</aligny>
          <texturenofocus flipx="true" border="5,5,25,25">KeyboardCornerBottomNF.png</texturenofocus>
          <texturefocus flipx="true" border="5,5,25,25">KeyboardCornerBottom.png</texturefocus>
          <font>font30</font>
          <focusedcolor>black</focusedcolor>
          <onleft>307</onleft>
          <onright>-</onright>
          <onup>109</onup>
          <ondown>305</ondown>
        </control>
      </control>
    </control>
  </controls>
</window>