﻿<?xml version="1.0" encoding="utf-8"?>
<window type="dialog" id="100001">
  <defaultcontrol>2</defaultcontrol>
  <allowoverlay>yes</allowoverlay>
  <visible_off>True</visible_off>
  <visible>String.IsEqual(Window(10000).Property(IBUS_PDC_SHOW),1)</visible>
  <zorder>99</zorder>
  <coordinates>
    <posx>0</posx>
    <posy>0</posy>
  </coordinates>
  <controls>
    <control type="group">
      <posx>460r</posx>
      <posy>0</posy>
      <animation effect="slide" end="500,0" time="500" tween="quadratic" easing="out">WindowClose</animation>
      <animation effect="slide" start="500,0" time="500" tween="quadratic" easing="out" condition_off="Skin.HasSetting(ShowPDC)">WindowOpen</animation>
      <control type="image">
        <posx>0</posx>
        <posy>0</posy>
        <width>518</width>
        <height>1080</height>
        <texture>dialogs/dialog-bg-nobo.png</texture>
      </control>
      <!--Sensor Graphic Background-->
      <control type="image">
        <posx>10</posx>
        <posy>105</posy>
        <width>444</width>
        <background>true</background>
        <height>870</height>
        <texture fallback="bmw/pdc/bgs/default.png">$INFO[Skin.String(IBUS_PDC_BG_IMG)]</texture>
      </control>
      <!--Sensor Value Labels-->
      <control type="group">
        <description>Front Sensor Labels</description>
        <posx>0</posx>
        <posy>50</posy>
        <control type="label">
          <description>FLS</description>
          <posx>20</posx>
          <posy>0</posy>
          <height>50</height>
          <width>95</width>
          <label>$INFO[Window(10000).Property(IBUS_PDC_FLS)]</label>
          <align>center</align>
          <aligny>center</aligny>
          <font>font27_narrow</font>
          <textcolor>white</textcolor>
          <shadowcolor>black</shadowcolor>
          <shadowcolor_off>grey2</shadowcolor_off>
        </control>
        <control type="label">
          <description>FLC</description>
          <posx>128</posx>
          <posy>0</posy>
          <height>50</height>
          <width>98</width>
          <label>$INFO[Window(10000).Property(IBUS_PDC_FLC)]</label>
          <align>center</align>
          <aligny>center</aligny>
          <font>font27_narrow</font>
          <textcolor>white</textcolor>
          <shadowcolor_off>grey2</shadowcolor_off>
          <shadowcolor>black</shadowcolor>
        </control>
        <control type="label">
          <description>FRC</description>
          <posx>240</posx>
          <posy>0</posy>
          <height>50</height>
          <width>98</width>
          <label>$INFO[Window(10000).Property(IBUS_PDC_FRC)]</label>
          <align>center</align>
          <aligny>center</aligny>
          <font>font27_narrow</font>
          <textcolor>white</textcolor>
          <shadowcolor>black</shadowcolor>
        </control>
        <control type="label">
          <description>FRS</description>
          <posx>353</posx>
          <posy>0</posy>
          <height>50</height>
          <width>95</width>
          <label>$INFO[Window(10000).Property(IBUS_PDC_FRS)]</label>
          <align>center</align>
          <aligny>center</aligny>
          <font>font27_narrow</font>
          <textcolor>white</textcolor>
          <shadowcolor>black</shadowcolor>
        </control>
      </control>
      <control type="group">
        <description>Back Sensor Labels</description>
        <posx>0</posx>
        <posy>100r</posy>
        <control type="label">
          <description>RLS</description>
          <posx>20</posx>
          <posy>0</posy>
          <height>50</height>
          <width>95</width>
          <label>$INFO[Window(10000).Property(IBUS_PDC_RLS)]</label>
          <align>center</align>
          <aligny>center</aligny>
          <font>font27_narrow</font>
          <textcolor>white</textcolor>
          <shadowcolor>black</shadowcolor>
        </control>
        <control type="label">
          <description>RLC</description>
          <posx>128</posx>
          <posy>0</posy>
          <height>50</height>
          <width>98</width>
          <label>$INFO[Window(10000).Property(IBUS_PDC_RLC)]</label>
          <align>center</align>
          <aligny>center</aligny>
          <font>font27_narrow</font>
          <shadowcolor_off>grey2</shadowcolor_off>
          <textcolor>white</textcolor>
          <shadowcolor>black</shadowcolor>
        </control>
        <control type="label">
          <description>RRC</description>
          <posx>240</posx>
          <posy>0</posy>
          <height>50</height>
          <width>98</width>
          <label>$INFO[Window(10000).Property(IBUS_PDC_RRC)]</label>
          <align>center</align>
          <aligny>center</aligny>
          <font>font27_narrow</font>
          <textcolor>white</textcolor>
          <shadowcolor>black</shadowcolor>
        </control>
        <control type="label">
          <description>RRS</description>
          <posx>353</posx>
          <posy>0</posy>
          <height>50</height>
          <width>95</width>
          <label>$INFO[Window(10000).Property(IBUS_PDC_RRS)]</label>
          <align>center</align>
          <aligny>center</aligny>
          <font>font27_narrow</font>
          <textcolor>white</textcolor>
          <shadowcolor>black</shadowcolor>
        </control>
      </control>
      <!--Sensor Value Images-->
      <control type="group">
        <description>Front Sensor Images</description>
        <posx>0</posx>
        <posy>0</posy>
        <control type="multiimage">
          <description>FLS</description>
          <posx>20</posx>
          <posy>113</posy>
          <width>95</width>
          <height>180</height>
          <aspectratio>stretch</aspectratio>
          <fadetime>0</fadetime>
          <timeperimage>2000</timeperimage>
          <randomize>true</randomize>
          <imagepath>bmw\pdc\side\SIDE$INFO[Window(10000).Property(IBUS_PDC_FLS_IMG)].png</imagepath>
        </control>
        <control type="multiimage">
          <description>FLC</description>
          <posx>128</posx>
          <posy>110</posy>
          <width>98</width>
          <height>175</height>
          <fadetime>0</fadetime>
          <timeperimage>2000</timeperimage>
          <randomize>true</randomize>
          <imagepath>bmw\pdc\mid\MID$INFO[Window(10000).Property(IBUS_PDC_FLC_IMG)].png</imagepath>
          <aspectratio>stretch</aspectratio>
        </control>
        <control type="multiimage">
          <description>FRC</description>
          <posx>240</posx>
          <posy>110</posy>
          <width>98</width>
          <height>175</height>
          <fadetime>0</fadetime>
          <timeperimage>2000</timeperimage>
          <randomize>true</randomize>
          <imagepath flipx="true">bmw\pdc\mid\MID$INFO[Window(10000).Property(IBUS_PDC_FRC_IMG)].png</imagepath>
          <aspectratio>stretch</aspectratio>
        </control>
        <control type="multiimage">
          <description>FRS</description>
          <posx>353</posx>
          <posy>113</posy>
          <width>95</width>
          <height>180</height>
          <fadetime>0</fadetime>
          <timeperimage>2000</timeperimage>
          <randomize>true</randomize>
          <imagepath flipx="true">bmw\pdc\side\SIDE$INFO[Window(10000).Property(IBUS_PDC_FRS_IMG)].png</imagepath>
          <aspectratio>stretch</aspectratio>
        </control>
      </control>
      <control type="group">
        <description>Back Sensor Images</description>
        <posx>0</posx>
        <posy>740</posy>
        <control type="multiimage">
          <description>RLS</description>
          <posx>20</posx>
          <posy>50</posy>
          <width>98</width>
          <height>175</height>
          <fadetime>0</fadetime>
          <timeperimage>2000</timeperimage>
          <randomize>true</randomize>
          <imagepath flipy="true">bmw\pdc\side\SIDE$INFO[Window(10000).Property(IBUS_PDC_RLS_IMG)].png</imagepath>
          <aspectratio>stretch</aspectratio>
        </control>
        <control type="multiimage">
          <description>RLC</description>
          <posx>128</posx>
          <posy>55</posy>
          <width>98</width>
          <height>175</height>
          <fadetime>0</fadetime>
          <timeperimage>2000</timeperimage>
          <randomize>true</randomize>
          <imagepath flipy="true">bmw\pdc\mid\MID$INFO[Window(10000).Property(IBUS_PDC_RLC_IMG)].png</imagepath>
          <aspectratio>stretch</aspectratio>
        </control>
        <control type="multiimage">
          <description>RRC</description>
          <posx>240</posx>
          <posy>55</posy>
          <width>98</width>
          <height>175</height>
          <fadetime>0</fadetime>
          <timeperimage>2000</timeperimage>
          <randomize>true</randomize>
          <imagepath flipx="true" flipy="true">bmw\pdc\mid\MID$INFO[Window(10000).Property(IBUS_PDC_RRC_IMG)].png</imagepath>
          <aspectratio>stretch</aspectratio>
        </control>
        <control type="multiimage">
          <description>RRS</description>
          <posx>353</posx>
          <posy>50</posy>
          <width>98</width>
          <height>175</height>
          <fadetime>0</fadetime>
          <timeperimage>2000</timeperimage>
          <randomize>true</randomize>
          <imagepath flipx="true" flipy="true">bmw\pdc\side\SIDE$INFO[Window(10000).Property(IBUS_PDC_RRS_IMG)].png</imagepath>
          <aspectratio>stretch</aspectratio>
        </control>
      </control>
      <!--Debug Value Labels for Images-->
      <control type="group">
        <visible>Skin.HasSetting(SkinDebug)</visible>
        <description>Front Sensor Labels</description>
        <posx>0</posx>
        <posy>85</posy>
        <control type="label">
          <description>FLS</description>
          <posx>45</posx>
          <posy>0</posy>
          <height>30</height>
          <width>80</width>
          <label>$INFO[Window(10000).Property(IBUS_PDC_FLS_IMG)]</label>
          <align>center</align>
          <aligny>center</aligny>
          <font>font27_narrow</font>
          <textcolor>white</textcolor>
          <shadowcolor>black</shadowcolor>
        </control>
        <control type="label">
          <description>FLC</description>
          <posx>115</posx>
          <posy>0</posy>
          <height>30</height>
          <width>80</width>
          <label>$INFO[Window(10000).Property(IBUS_PDC_FLC_IMG)]</label>
          <align>center</align>
          <aligny>center</aligny>
          <font>font27_narrow</font>
          <textcolor_off>white</textcolor_off>
          <shadowcolor_off>grey2</shadowcolor_off>
          <textcolor>white</textcolor>
          <shadowcolor>black</shadowcolor>
        </control>
        <control type="label">
          <description>FRC</description>
          <posx>180</posx>
          <posy>0</posy>
          <height>30</height>
          <width>80</width>
          <label>$INFO[Window(10000).Property(IBUS_PDC_FRC_IMG)]</label>
          <align>center</align>
          <aligny>center</aligny>
          <font>font27_narrow</font>
          <textcolor>white</textcolor>
          <shadowcolor>black</shadowcolor>
        </control>
        <control type="label">
          <description>FRS</description>
          <posx>250</posx>
          <posy>0</posy>
          <height>30</height>
          <width>80</width>
          <label>$INFO[Window(10000).Property(IBUS_PDC_FRS_IMG)]</label>
          <align>center</align>
          <aligny>center</aligny>
          <font>font27_narrow</font>
          <textcolor>white</textcolor>
          <shadowcolor>black</shadowcolor>
        </control>
      </control>
      <control type="group">
        <visible>Skin.HasSetting(SkinDebug)</visible>
        <description>Back Sensor Labels</description>
        <posx>0</posx>
        <posy>140r</posy>
        <control type="label">
          <description>RLS</description>
          <posx>45</posx>
          <posy>0</posy>
          <height>30</height>
          <width>80</width>
          <label>$INFO[Window(10000).Property(IBUS_PDC_RLS_IMG)]</label>
          <align>center</align>
          <aligny>center</aligny>
          <font>font27_narrow</font>
          <textcolor>white</textcolor>
          <shadowcolor>black</shadowcolor>
        </control>
        <control type="label">
          <description>RLC</description>
          <posx>115</posx>
          <posy>0</posy>
          <height>30</height>
          <width>80</width>
          <label>$INFO[Window(10000).Property(IBUS_PDC_RLC_IMG)]</label>
          <align>center</align>
          <aligny>center</aligny>
          <font>font27_narrow</font>
          <textcolor_off>white</textcolor_off>
          <shadowcolor_off>grey2</shadowcolor_off>
          <textcolor>white</textcolor>
          <shadowcolor>black</shadowcolor>
        </control>
        <control type="label">
          <description>RRC</description>
          <posx>180</posx>
          <posy>0</posy>
          <height>30</height>
          <width>80</width>
          <label>$INFO[Window(10000).Property(IBUS_PDC_RRC_IMG)]</label>
          <align>center</align>
          <aligny>center</aligny>
          <font>font27_narrow</font>
          <textcolor_off>white</textcolor_off>
          <shadowcolor_off>grey2</shadowcolor_off>
          <textcolor>white</textcolor>
          <shadowcolor>black</shadowcolor>
        </control>
        <control type="label">
          <description>RRS</description>
          <posx>250</posx>
          <posy>0</posy>
          <height>30</height>
          <width>80</width>
          <label>$INFO[Window(10000).Property(IBUS_PDC_RRS_IMG)]</label>
          <align>center</align>
          <aligny>center</aligny>
          <font>font27_narrow</font>
          <textcolor_off>white</textcolor_off>
          <shadowcolor_off>grey2</shadowcolor_off>
          <textcolor>white</textcolor>
          <shadowcolor>black</shadowcolor>
        </control>
      </control>
    </control>
  </controls>
  <!--Set Test-Values on Load-->
  <!--labels-->
  <onload_off>SetProperty(IBUS_PDC_FLS,50,10000)</onload_off>
  <onload_off>SetProperty(IBUS_PDC_FLC,40,10000)</onload_off>
  <onload_off>SetProperty(IBUS_PDC_FRC,40,10000)</onload_off>
  <onload_off>SetProperty(IBUS_PDC_FRS,50,10000)</onload_off>
  <onload_off>SetProperty(IBUS_PDC_RLS,40,10000)</onload_off>
  <onload_off>SetProperty(IBUS_PDC_RLC,30,10000)</onload_off>
  <onload_off>SetProperty(IBUS_PDC_RRC,30,10000)</onload_off>
  <onload_off>SetProperty(IBUS_PDC_RRS,40,10000)</onload_off>
  <!--images-->
  <onload_off>SetProperty(IBUS_PDC_FLS_IMG,20,10000)</onload_off>
  <onload_off>SetProperty(IBUS_PDC_FLC_IMG,20,10000)</onload_off>
  <onload_off>SetProperty(IBUS_PDC_FRC_IMG,20,10000)</onload_off>
  <onload_off>SetProperty(IBUS_PDC_FRS_IMG,20,10000)</onload_off>
  <onload_off>SetProperty(IBUS_PDC_RLS_IMG,20,10000)</onload_off>
  <onload_off>SetProperty(IBUS_PDC_RLC_IMG,20,10000)</onload_off>
  <onload_off>SetProperty(IBUS_PDC_RRC_IMG,20,10000)</onload_off>
  <onload_off>SetProperty(IBUS_PDC_RRS_IMG,20,10000)</onload_off>
</window>