﻿<?xml version="1.0" encoding="utf-8" standalone="yes"?>
<addon id="plugin.script.helgeinterface" name="HelgeInterface" version="0.1.18" provider-name="harryberlin, Derhelge">
  <requires>
    <import addon="xbmc.python" version="2.1.0" />
  </requires>
  <extension point="xbmc.python.script" library="default.py" />
  <extension point="xbmc.service" library="service.py" start="login" />
  <extension point="xbmc.addon.metadata">
    <platform>linux</platform>
    <license>GNU GENERAL PUBLIC LICENSE Version 3, 29 June 2007</license>
    <summary lang="en">Addon for HelgeInterface</summary>
    <description lang="en">Addon for HelgeInterface</description>
    <forum>http://www.bmwraspcontrol.de/board/</forum>
    <email>---</email>
    <source>not released at the moment</source>
    <assets>
      <icon>icon.png</icon>
      <fanart>fanart.jpg</fanart>
      <screenshot></screenshot>
    </assets>
  </extension>
</addon>