﻿<?xml version="1.0" encoding="utf-8"?>
<window>
  <defaultcontrol always="true">9000</defaultcontrol>
  <onunload condition="Container(9000).Hasfocus(10) | Container(9000).Hasfocus(11) | ControlGroup(9010).HasFocus | ControlGroup(9016).HasFocus | ControlGroup(9017).HasFocus">SetProperty(VideosDirectLink,True)</onunload>
  <onunload condition="ControlGroup(9011).HasFocus">SetProperty(MusicDirectLink,True)</onunload>
  <onunload condition="Control.HasFocus(9000) + Container(9000).Hasfocus(2)">ClearProperty(VideosDirectLink)</onunload>
  <onunload condition="Control.HasFocus(9000) + Container(9000).Hasfocus(3)">ClearProperty(MusicDirectLink)</onunload>
  <controls>
    <control type="list" id="90160">
      <left>-10</left>
      <top>-10</top>
      <width>1</width>
      <height>1</height>
      <viewtype label="535">list</viewtype>
      <itemlayout height="1" width="1"></itemlayout>
      <focusedlayout height="1" width="1"></focusedlayout>
      <content target="video" limit="7">library://video/movies/</content>
      <visible>Library.HasContent(Movies)</visible>
    </control>
    <control type="list" id="90170">
      <left>-10</left>
      <top>-10</top>
      <width>1</width>
      <height>1</height>
      <viewtype label="535">list</viewtype>
      <itemlayout height="1" width="1"></itemlayout>
      <focusedlayout height="1" width="1"></focusedlayout>
      <content target="video" limit="7">library://video/tvshows/</content>
      <visible>Library.HasContent(TVShows)</visible>
    </control>
    <control type="list" id="90110">
      <left>-10</left>
      <top>-10</top>
      <width>1</width>
      <height>1</height>
      <viewtype label="535">list</viewtype>
      <itemlayout height="1" width="1"></itemlayout>
      <focusedlayout height="1" width="1"></focusedlayout>
      <content target="music" limit="6">library://music/</content>
      <visible>Library.HasContent(Music)</visible>
    </control>
    <include>CommonBackground</include>
    <control type="image">
      <depth>DepthFloor</depth>
      <left>-20</left>
      <top />
      <bottom>0</bottom>
      <width>1320</width>
      <height>50</height>
      <texture>floor.png</texture>
      <visible>system.getbool(lookandfeel.enablerssfeeds)</visible>
      <animation effect="rotatex" end="45" time="0" center="670,0" condition="true">Conditional</animation>
      <animation effect="slide" time="200" condition="Window.Previous(Home)">WindowOpen</animation>
      <animation effect="slide" time="200" condition="Window.Next(Home)">WindowClose</animation>
    </control>
    <!--Ousidetemp / Clock / Date / Repeat-->
    <control type="group">
      <visible>!Skin.HasSetting(HomeObcBar)</visible>
      <depth>DepthHeader</depth>
      <control_off type="group">
        <left>20</left>
        <top>0</top>
        <visible>Skin.HasSetting(homepageWeatherinfo) + !String.IsEmpty(Weather.Plugin)</visible>
        <include>Window_OpenClose_Animation</include>
        <control type="image">
          <description>Weather image</description>
          <left>0</left>
          <top>0</top>
          <width>60</width>
          <height>60</height>
          <aspectratio>keep</aspectratio>
          <texture>$INFO[Weather.Conditions]</texture>
        </control>
        <control type="label">
          <description>Location label</description>
          <left>65</left>
          <top>5</top>
          <width>500</width>
          <height>15</height>
          <align>left</align>
          <aligny>center</aligny>
          <font>font10</font>
          <textcolor>white</textcolor>
          <shadowcolor>black</shadowcolor>
          <label>$INFO[Window(Weather).Property(Location)]</label>
        </control>
        <control type="grouplist">
          <left>65</left>
          <top>20</top>
          <width>1000</width>
          <height>30</height>
          <orientation>horizontal</orientation>
          <align>left</align>
          <itemgap>0</itemgap>
          <control type="label">
            <description>Temp label</description>
            <width min="0" max="300">auto</width>
            <height>30</height>
            <align>left</align>
            <aligny>center</aligny>
            <font>font28_title</font>
            <textcolor>white</textcolor>
            <shadowcolor>black</shadowcolor>
            <label>[B]$INFO[Window(Weather).Property(Current.Temperature)][/B]</label>
          </control>
          <control type="label">
            <description>Temp Units</description>
            <width min="0" max="100">auto</width>
            <height>22</height>
            <font>font10</font>
            <aligny>center</aligny>
            <label>$INFO[System.TemperatureUnits]</label>
            <textcolor>white</textcolor>
            <shadowcolor>black</shadowcolor>
            <visible>!String.IsEmpty(Window(Weather).Property(Current.Temperature))</visible>
          </control>
          <control type="label">
            <description>Conditions Label</description>
            <width>500</width>
            <height>22</height>
            <font>font10</font>
            <aligny>center</aligny>
            <label>$INFO[Window(Weather).Property(Current.Condition),  ]</label>
            <textcolor>grey2</textcolor>
            <shadowcolor>black</shadowcolor>
          </control>
        </control>
      </control_off>
      <!--SOMETHING-->
      <control type="group">
        <visible>Skin.HasSetting(SkinDebug)</visible>
        <animation effect="slide" start="0,0" end="900,0" delay="0" time="400">WindowClose</animation>
        <animation effect="slide" start="900,0" end="0,0" delay="0" time="400">WindowOpen</animation>
        <control type="image">
          <animation condition="Skin.HasSetting(MainMenuVerticalSlideOut) + System.IdleTime(4) + !ControlGroup(9001).HasFocus()">Conditional<effect type="zoom" start="100,100" end="180,100" center="0,0" time="225" /><effect type="slide" start="0,0" end="-410,0" time="225"></effect></animation>
          <description>something background</description>
          <posx>890r</posx>
          <posy>0</posy>
          <width>520</width>
          <height>60</height>
          <texture flipx="true" border="32,0,0,0">bmw/header_bar_fade.png</texture>
        </control>
        <control_off type="image">
          <description>something background</description>
          <posx>890r</posx>
          <posy>0</posy>
          <width>450</width>
          <height>70</height>
          <texture flipx="true" border="0,0,0,10">bmw/MediaInfoBackUpper.png</texture>
        </control_off>
        <control type="group">
          <posx>400</posx>
          <animation effect="fade" start="100" end="0" delay="0" time="150">WindowClose</animation>
          <animation condition="Skin.HasSetting(MainMenuVerticalSlideOut) + System.IdleTime(4) + !ControlGroup(9001).HasFocus()">Conditional<effect type="slide" start="0,0" end="-390,0" time="225"></effect></animation>
          <animation_off effect="slide" start="750" end="-700" time="15000" loop="true" condition="Skin.HasSetting(MainMenuVerticalSlideOut) + System.IdleTime(4)">conditional</animation_off>
          <animation effect="slide" start="450" end="-1000" time="20000" loop="true" condition="![Skin.HasSetting(MainMenuVerticalSlideOut) + System.IdleTime(4) + !ControlGroup(9001).HasFocus()]" reversible="false">conditional</animation>
          <!--oil temp-->
          <control type="group">
            <posx>0</posx>
            <control type="image">
              <description>coolant icon</description>
              <posx>0</posx>
              <posy>5</posy>
              <width>50</width>
              <height>50</height>
              <texture>$INFO[Window(10000).Property(IBUS_OBC_OILTEMP_ICON)]</texture>
            </control>
            <control type="label">
              <description>something label</description>
              <posx>55</posx>
              <posy>0</posy>
              <width>170</width>
              <height>55</height>
              <align>left</align>
              <aligny>center</aligny>
              <font>font38_title</font>
              <textcolor>$VAR[TextColor1]</textcolor>
              <shadowcolor>black</shadowcolor>
              <label_off>+120°C</label_off>
              <label>$INFO[Window(10000).Property(IBUS_OBC_OILTEMP)]</label>
            </control>
          </control>
          <!--coolant temp-->
          <control type="group">
            <posx>220</posx>
            <control type="image">
              <description>coolant icon</description>
              <posx>0</posx>
              <posy>5</posy>
              <width>50</width>
              <height>50</height>
              <texture>$INFO[Window(10000).Property(IBUS_OBC_COOLANTTEMP_ICON)]</texture>
              <visible>!String.IsEmpty(Window(10000).Property(IBUS_OBC_COOLANTTEMP))</visible>
            </control>
            <control type="label">
              <description>coolant label</description>
              <posx>55</posx>
              <posy>0</posy>
              <width>170</width>
              <height>55</height>
              <align>left</align>
              <aligny>center</aligny>
              <font>font38_title</font>
              <textcolor>$VAR[TextColor1]</textcolor>
              <shadowcolor>black</shadowcolor>
              <label>$INFO[Window(10000).Property(IBUS_OBC_COOLANTTEMP)]</label>
              <visible>!String.IsEmpty(Window(10000).Property(IBUS_OBC_COOLANTTEMP))</visible>
            </control>
            <!--Fuel Label-->
            <control type="group">
              <posx_off>420</posx_off>
              <animation effect="slide" start="0" end="220" time="0" condition="!String.IsEmpty(Window(10000).Property(IBUS_OBC_COOLANTTEMP))">conditional</animation>
              <control type="image">
                <description>fuel icon</description>
                <posx>0</posx>
                <posy>10</posy>
                <width>40</width>
                <height>40</height>
                <texture>special://home/addons/plugin.script.ibuscommunicator/resources/skins/default/media/icon-reserve-grey.png</texture>
                <visible>!String.IsEmpty(Window(10000).Property(IBUS_OBC_FUEL))</visible>
              </control>
              <control type="label">
                <description>fuel label</description>
                <posx>50</posx>
                <posy>0</posy>
                <width>200</width>
                <height>55</height>
                <align>left</align>
                <aligny>center</aligny>
                <font>font38_title</font>
                <textcolor>$VAR[TextColor1]</textcolor>
                <shadowcolor>black</shadowcolor>
                <label_off>99 L</label_off>
                <label>$INFO[Window(10000).Property(IBUS_OBC_FUEL)]</label>
                <visible>!String.IsEmpty(Window(10000).Property(IBUS_OBC_FUEL))</visible>
              </control>
              <!--Range Label-->
              <control type="group">
                <posx_off>590</posx_off>
                <animation effect="slide" start="0" end="170" time="0" condition="!String.IsEmpty(Window(10000).Property(IBUS_OBC_FUEL))">conditional</animation>
                <control type="image">
                  <description>fuel icon</description>
                  <posx>0</posx>
                  <posy>10</posy>
                  <width>50</width>
                  <height>40</height>
                  <texture>special://home/addons/plugin.script.ibuscommunicator/resources/skins/default/media/icon-range-grey.png</texture>
                  <visible>!String.IsEmpty(Window(10000).Property(IBUS_OBC_RANGE))</visible>
                </control>
                <control type="label">
                  <description>range label</description>
                  <posx>60</posx>
                  <posy>0</posy>
                  <width>200</width>
                  <height>55</height>
                  <align>left</align>
                  <aligny>center</aligny>
                  <font>font38_title</font>
                  <textcolor>$VAR[TextColor1]</textcolor>
                  <shadowcolor>black</shadowcolor>
                  <label_off>9999 KM</label_off>
                  <label>$INFO[Window(10000).Property(IBUS_OBC_RANGE)]</label>
                  <visible>!String.IsEmpty(Window(10000).Property(IBUS_OBC_RANGE))</visible>
                </control>
              </control>
            </control>
          </control>
          <control_off type="label">
            <description>something label</description>
            <posx>860r</posx>
            <posy>0</posy>
            <width>800</width>
            <height>55</height>
            <align>left</align>
            <aligny>center</aligny>
            <font>font38_title</font>
            <textcolor>$VAR[TextColor1]</textcolor>
            <shadowcolor>black</shadowcolor>
            <label>xxxxxxxxxxxxxxx $INFO[Window(10000).Property(IBUS_RADIO_MODE)] xxxxxxxxxxxxxxx</label>
          </control_off>
        </control>
      </control>
      <!--OUTSIDETEMP-->
      <control type="group">
        <visible>!String.IsEmpty(Window(10000).Property(IBUS_OBC_TEMP))</visible>
        <animation effect="slide" start="0,0" end="-90,0" delay="0" time="300" condition="Player.Muted">conditional</animation>
        <animation effect="slide" start="490,0" end="0,0" delay="0" time="200">VisibleChange</animation>
        <animation effect="slide" start="0,0" end="460,0" delay="0" time="400">WindowClose</animation>
        <animation effect="slide" start="460,0" end="0,0" delay="0" time="400">WindowOpen</animation>
        <control type="image">
          <description>temp background</description>
          <posx>465r</posx>
          <posy>0</posy>
          <width>560</width>
          <height>60</height>
          <texture flipx="true" border="32,0,0,0">bmw/header.png</texture>
        </control>
        <control type="label">
          <description>temp label</description>
          <posx>450r</posx>
          <posy>0</posy>
          <width>190</width>
          <height>55</height>
          <align>center</align>
          <aligny>center</aligny>
          <font>font38_title</font>
          <textcolor>$VAR[TextColor1]</textcolor>
          <shadowcolor>black</shadowcolor>
          <label>$INFO[Window(10000).Property(IBUS_OBC_TEMP)]</label>
        </control>
      </control>
      <!--Clock-->
      <include_off>Clock</include_off>
      <control type="group">
        <posx>210r</posx>
        <posy>60</posy>
        <animation effect="slide" start="0,0" end="300,0" delay="0" time="300" condition="Window.Next(Home) | Window.IsActive(Home) + ![Window.IsVisible(MovieInformation) | Window.IsVisible(MusicInformation)]">WindowClose</animation>
        <animation effect="slide" start="300,0" end="0,0" delay="0" time="300" condition="Window.Previous(Home) | Window.IsVisible(Home) + ![Window.IsVisible(MovieInformation) | Window.IsVisible(MusicInformation)]">WindowOpen</animation>
        <control type="image">
          <animation effect="slide" start="0,0" end="-70,0" delay="0" time="300" condition="!String.IsEmpty(System.Time(xx))">conditional</animation>
          <description>time background</description>
          <posx>160r</posx>
          <posy>0</posy>
          <width>260</width>
          <height>60</height>
          <texture flipx="true" border="32,0,0,0">bmw/header.png</texture>
        </control>
        <control type="label">
          <description>time label</description>
          <posx>5r</posx>
          <posy>0</posy>
          <width>200</width>
          <height>55</height>
          <align>right</align>
          <aligny>center</aligny>
          <font>font38_title</font>
          <textcolor>$VAR[TextColor1]</textcolor>
          <shadowcolor>black</shadowcolor>
          <label>$INFO[System.Time]</label>
        </control>
      </control>
      <!--Date-->
      <control_off type="label">
        <description>Date label</description>
        <right>20</right>
        <top>35</top>
        <width>300</width>
        <height>15</height>
        <align>right</align>
        <aligny>center</aligny>
        <font>font10</font>
        <textcolor>white</textcolor>
        <shadowcolor>black</shadowcolor>
        <label>$INFO[System.Date]</label>
        <include>Window_OpenClose_Animation</include>
        <animation effect="slide" start="0,0" end="-40,0" time="75" condition="Player.Muted">conditional</animation>
      </control_off>
      <control type="group">
        <posx>430r</posx>
        <posy>0</posy>
        <animation effect="slide" start="0,0" end="-90,0" delay="0" time="300" condition="Player.Muted">conditional</animation>
        <animation effect="slide" start="0,0" end="500,0" delay="0" time="300">WindowClose</animation>
        <animation effect="slide" start="500,0" end="0,0" delay="0" time="300">WindowOpen</animation>
        <control type="image">
          <description>date background</description>
          <posx>150</posx>
          <posy>0</posy>
          <width>620</width>
          <height>60</height>
          <texture flipx="true" flipy="false" border="32,0,0,0">bmw/header.png</texture>
        </control>
        <control type="label">
          <description>date label normal font</description>
          <posx>5r</posx>
          <posy>0</posy>
          <width>500</width>
          <height>55</height>
          <align>right</align>
          <aligny>center</aligny>
          <font>font38_title</font>
          <textcolor>$VAR[TextColor1]</textcolor>
          <shadowcolor>black</shadowcolor>
          <label>$INFO[System.Date(dd.mm.yyyy)]</label>
        </control>
      </control>
      <!--Repeat-->
      <control type="group">
        <posx>1180</posx>
        <posy>120</posy>
        <visible>Playlist.IsRepeatOne | Playlist.IsRepeat</visible>
        <animation effect="slide" start="0,0" end="110,0" time="200">WindowClose</animation>
        <animation effect="slide" start="110,0" end="0,0" time="250">WindowOpen</animation>
        <animation effect="slide" start="110,0" end="0,0" time="250">VisibleChange</animation>
        <control type="group">
          <control type="image">
            <description>repeat background</description>
            <posx>0</posx>
            <posy>0</posy>
            <width>100</width>
            <height>60</height>
            <texture flipx="true" border="32,0,0,0">bmw/header.png</texture>
          </control>
          <control type="image">
            <posx>30</posx>
            <posy>-2</posy>
            <width>60</width>
            <height>60</height>
            <texture>OSDRepeatAllNF.png</texture>
            <visible>!Playlist.IsRepeatOne</visible>
          </control>
          <control type="image">
            <posx>30</posx>
            <posy>-2</posy>
            <width>60</width>
            <height>60</height>
            <texture>OSDRepeatOneNF.png</texture>
            <visible>Playlist.IsRepeatOne</visible>
          </control>
        </control>
      </control>
    </control>
    <!--VERTICAL-->
    <include>MainMenuVertical</include>
    <!-- Music Info -->
    <control_off type="group">
      <depth>DepthMenu</depth>
      <left>0</left>
      <top>60</top>
      <visible>Player.HasAudio + !Skin.HasSetting(homepageMusicinfo) + String.IsEmpty(Window(Videos).Property(PlayingBackgroundMedia))</visible>
      <include>VisibleFadeEffect</include>
      <include>Window_OpenClose_Animation</include>
      <control type="image">
        <description>Cover image</description>
        <left>20</left>
        <top>45</top>
        <width>130</width>
        <height>295</height>
        <aspectratio aligny="bottom">keep</aspectratio>
        <texture fallback="DefaultAlbumCover.png">$INFO[Player.Art(thumb)]</texture>
        <bordertexture border="8">ThumbBorder.png</bordertexture>
        <bordersize>5</bordersize>
      </control>
      <control type="label">
        <description>Album Label</description>
        <left>170</left>
        <top>265</top>
        <height>25</height>
        <width>1000</width>
        <label>$INFO[MusicPlayer.Artist,, - ]$INFO[MusicPlayer.Album]$INFO[musicplayer.discnumber, - $LOCALIZE[427]:]</label>
        <align>left</align>
        <aligny>center</aligny>
        <font>font12</font>
        <textcolor>white</textcolor>
        <shadowcolor>black</shadowcolor>
      </control>
      <control type="label">
        <description>Title label</description>
        <left>170</left>
        <top>285</top>
        <height>30</height>
        <width>1000</width>
        <label>$INFO[Player.Title]</label>
        <align>left</align>
        <aligny>center</aligny>
        <font>font13_title</font>
        <textcolor>white</textcolor>
        <shadowcolor>black</shadowcolor>
      </control>
      <control type="label">
        <description>Time Label</description>
        <left>170</left>
        <top>310</top>
        <height>30</height>
        <width>300</width>
        <label>$INFO[Player.Time]$INFO[Player.Duration,[COLOR=blue] / [/COLOR]]</label>
        <align>left</align>
        <aligny>center</aligny>
        <font>font12</font>
        <textcolor>white</textcolor>
        <shadowcolor>black</shadowcolor>
      </control>
    </control_off>
    <!-- LiveTV Info -->
    <control_off type="group">
      <depth>DepthMenu</depth>
      <left>490r</left>
      <top>70</top>
      <visible>Container(9000).HasFocus(12) + [PVR.IsRecording | PVR.HasNonRecordingTimer]</visible>
      <include>VisibleFadeEffect</include>
      <include>Window_OpenClose_Animation</include>
      <animation effect="fade" start="100" end="0" time="150" condition="Window.IsActive(Favourites)">conditional</animation>
      <control type="group">
        <animation effect="slide" start="0,0" end="0,100" time="0" condition="PVR.IsRecording">conditional</animation>
        <visible>PVR.HasNonRecordingTimer</visible>
        <control type="image">
          <left>0</left>
          <top>-5</top>
          <width>490</width>
          <height>90</height>
          <texture>gradient.png</texture>
        </control>
        <control type="image">
          <left>400</left>
          <top>0</top>
          <width>80</width>
          <height>80</height>
          <aspectratio>keep</aspectratio>
          <texture background="true" fallback="DefaultVideoCover.png">$INFO[PVR.NextRecordingChannelIcon]</texture>
          <bordertexture border="8">ThumbBorder.png</bordertexture>
          <bordersize>4</bordersize>
        </control>
        <control type="image">
          <left>365</left>
          <top>5</top>
          <width>25</width>
          <height>25</height>
          <aspectratio>keep</aspectratio>
          <texture>PVR-HasTimer.png</texture>
        </control>
        <control type="label">
          <description>Next Timer Header label</description>
          <left>-45</left>
          <top>5</top>
          <height>25</height>
          <width>400</width>
          <label>$LOCALIZE[19157]</label>
          <align>right</align>
          <aligny>center</aligny>
          <font>font12_title</font>
          <textcolor>blue</textcolor>
          <shadowcolor>black</shadowcolor>
        </control>
        <control type="label">
          <description>NextRecordingDateTime</description>
          <left>-10</left>
          <top>30</top>
          <height>25</height>
          <width>400</width>
          <label>$INFO[PVR.NextRecordingDateTime,$LOCALIZE[19126] - ]</label>
          <align>right</align>
          <aligny>center</aligny>
          <font>font12</font>
          <scroll>true</scroll>
          <shadowcolor>black</shadowcolor>
        </control>
        <control type="label">
          <description>NextRecordingTitle Channel</description>
          <left>-410</left>
          <top>50</top>
          <height>25</height>
          <width>800</width>
          <label>$INFO[PVR.NextRecordingTitle][COLOR=grey]$INFO[PVR.NextRecordingChannel, - [COLOR=blue]([/COLOR],[COLOR=blue])[/COLOR]][/COLOR]</label>
          <align>right</align>
          <aligny>center</aligny>
          <font>font12_title</font>
          <shadowcolor>black</shadowcolor>
          <scroll>true</scroll>
        </control>
      </control>
      <control type="group">
        <visible>PVR.IsRecording</visible>
        <control type="image">
          <left>0</left>
          <top>-5</top>
          <width>490</width>
          <height>90</height>
          <texture>gradient.png</texture>
        </control>
        <control type="image">
          <left>400</left>
          <top>0</top>
          <width>80</width>
          <height>80</height>
          <aspectratio>keep</aspectratio>
          <texture background="true" fallback="DefaultVideoCover.png">$INFO[PVR.NowRecordingChannelIcon]</texture>
          <bordertexture border="8">ThumbBorder.png</bordertexture>
          <bordersize>4</bordersize>
        </control>
        <control type="image">
          <left>365</left>
          <top>5</top>
          <width>25</width>
          <height>25</height>
          <aspectratio>keep</aspectratio>
          <texture>PVR-IsRecording.png</texture>
        </control>
        <control type="label">
          <description>Is Recording Header label</description>
          <left>-45</left>
          <top>5</top>
          <height>25</height>
          <width>400</width>
          <label>$LOCALIZE[19158]</label>
          <align>right</align>
          <aligny>center</aligny>
          <font>font12_title</font>
          <textcolor>blue</textcolor>
          <shadowcolor>black</shadowcolor>
        </control>
        <control type="label">
          <description>NextRecordingDateTime</description>
          <left>-10</left>
          <top>30</top>
          <height>25</height>
          <width>400</width>
          <label>$INFO[PVR.NowRecordingDateTime,$LOCALIZE[19126] - ]</label>
          <align>right</align>
          <aligny>center</aligny>
          <font>font12</font>
          <scroll>true</scroll>
          <shadowcolor>black</shadowcolor>
        </control>
        <control type="label">
          <description>NextRecordingTitle Channel</description>
          <left>-410</left>
          <top>50</top>
          <height>30</height>
          <width>800</width>
          <label>$INFO[PVR.NowRecordingTitle][COLOR=grey]$INFO[PVR.NowRecordingChannel, - [COLOR=blue]([/COLOR],[COLOR=blue])[/COLOR]][/COLOR]</label>
          <align>right</align>
          <aligny>center</aligny>
          <font>font12_title</font>
          <shadowcolor>black</shadowcolor>
          <scroll>true</scroll>
        </control>
      </control>
    </control_off>
    <!-- Video Info -->
    <control_off type="group">
      <depth>DepthMenu</depth>
      <left>0</left>
      <top>50</top>
      <visible>Player.HasVideo + !Skin.HasSetting(homepageVideoinfo) + String.IsEmpty(Window(Videos).Property(PlayingBackgroundMedia))</visible>
      <include>VisibleFadeEffect</include>
      <include>Window_OpenClose_Animation</include>
      <control type="group">
        <visible>!VideoPlayer.Content(Movies) + !VideoPlayer.Content(Episodes) + !VideoPlayer.Content(LiveTV)</visible>
        <control type="image">
          <description>Cover image</description>
          <left>20</left>
          <top>45</top>
          <width>150</width>
          <height>300</height>
          <aspectratio aligny="bottom">keep</aspectratio>
          <texture fallback="DefaultVideoCover.png">$INFO[Player.Art(thumb)]</texture>
          <bordertexture border="8">ThumbBorder.png</bordertexture>
          <bordersize>5</bordersize>
        </control>
        <control type="label">
          <description>Title label</description>
          <left>190</left>
          <top>285</top>
          <height>30</height>
          <width>1000</width>
          <label>$INFO[Player.Title]</label>
          <align>left</align>
          <aligny>center</aligny>
          <font>font13_title</font>
          <textcolor>white</textcolor>
          <shadowcolor>black</shadowcolor>
        </control>
        <control type="label">
          <description>Time Label</description>
          <left>190</left>
          <top>310</top>
          <height>30</height>
          <width>300</width>
          <label>$INFO[Player.Time]$INFO[Player.Duration,[COLOR=blue] / [/COLOR]]</label>
          <align>left</align>
          <aligny>center</aligny>
          <font>font12</font>
          <textcolor>white</textcolor>
          <shadowcolor>black</shadowcolor>
        </control>
      </control>
      <control type="group">
        <visible>VideoPlayer.Content(LiveTV)</visible>
        <control type="image">
          <description>Cover image</description>
          <left>20</left>
          <top>45</top>
          <width>120</width>
          <height>300</height>
          <aspectratio aligny="bottom">keep</aspectratio>
          <texture fallback="DefaultVideoCover.png">$INFO[Player.Art(thumb)]</texture>
          <bordertexture border="8">ThumbBorder.png</bordertexture>
          <bordersize>5</bordersize>
        </control>
        <control type="label">
          <description>Channel label</description>
          <left>160</left>
          <top>265</top>
          <height>25</height>
          <width>660</width>
          <label>$INFO[VideoPlayer.ChannelName]</label>
          <align>left</align>
          <aligny>center</aligny>
          <font>font12</font>
          <textcolor>white</textcolor>
          <shadowcolor>black</shadowcolor>
        </control>
        <control type="label">
          <description>Title label</description>
          <left>160</left>
          <top>285</top>
          <height>30</height>
          <width>1000</width>
          <label>$INFO[Player.Title]</label>
          <align>left</align>
          <aligny>center</aligny>
          <font>font13_title</font>
          <textcolor>white</textcolor>
          <shadowcolor>black</shadowcolor>
        </control>
        <control type="label">
          <description>Time Label</description>
          <left>160</left>
          <top>310</top>
          <height>30</height>
          <width>300</width>
          <label>$INFO[Player.Time]$INFO[Player.Duration,[COLOR=blue] / [/COLOR]]</label>
          <align>left</align>
          <aligny>center</aligny>
          <font>font12</font>
          <textcolor>white</textcolor>
          <shadowcolor>black</shadowcolor>
          <visible>!VideoPlayer.HasEpg</visible>
        </control>
        <control type="label">
          <description>Time Label</description>
          <left>160</left>
          <top>310</top>
          <height>30</height>
          <width>300</width>
          <label>$INFO[PVR.EpgEventElapsedTime]$INFO[PVR.EpgEventDuration,[COLOR=blue] / [/COLOR]]</label>
          <align>left</align>
          <aligny>center</aligny>
          <font>font12</font>
          <textcolor>white</textcolor>
          <shadowcolor>black</shadowcolor>
          <visible>VideoPlayer.HasEpg</visible>
        </control>
      </control>
      <control type="group">
        <visible>VideoPlayer.Content(Movies)</visible>
        <control type="image">
          <description>Cover image</description>
          <left>20</left>
          <top>45</top>
          <width>120</width>
          <height>300</height>
          <aspectratio aligny="bottom">keep</aspectratio>
          <texture fallback="DefaultVideoCover.png">$INFO[Player.Art(thumb)]</texture>
          <bordertexture border="8">ThumbBorder.png</bordertexture>
          <bordersize>5</bordersize>
        </control>
        <control type="label">
          <description>Studio label</description>
          <left>160</left>
          <top>265</top>
          <height>25</height>
          <width>1000</width>
          <label>$INFO[VideoPlayer.Studio]</label>
          <align>left</align>
          <aligny>center</aligny>
          <font>font12</font>
          <textcolor>white</textcolor>
          <shadowcolor>black</shadowcolor>
        </control>
        <control type="label">
          <description>Title label</description>
          <left>160</left>
          <top>285</top>
          <height>30</height>
          <width>1000</width>
          <label>$INFO[Player.Title]$INFO[VideoPlayer.Year,[COLOR=grey] (,)[/COLOR]]</label>
          <align>left</align>
          <aligny>center</aligny>
          <font>font13_title</font>
          <textcolor>white</textcolor>
          <shadowcolor>black</shadowcolor>
        </control>
        <control type="label">
          <description>Time Label</description>
          <left>160</left>
          <top>310</top>
          <height>30</height>
          <width>300</width>
          <label>$INFO[Player.Time]$INFO[Player.Duration,[COLOR=blue] / [/COLOR]]</label>
          <align>left</align>
          <aligny>center</aligny>
          <font>font12</font>
          <textcolor>white</textcolor>
          <shadowcolor>black</shadowcolor>
        </control>
      </control>
      <control type="group">
        <visible>VideoPlayer.Content(Episodes)</visible>
        <control type="image">
          <description>Cover image</description>
          <left>20</left>
          <top>225</top>
          <width>180</width>
          <height>120</height>
          <aspectratio>scale</aspectratio>
          <texture fallback="DefaultVideoCover.png">$INFO[Player.Art(thumb)]</texture>
          <bordertexture border="8">ThumbBorder.png</bordertexture>
          <bordersize>5</bordersize>
        </control>
        <control type="label">
          <description>TV Show Season Ep Label</description>
          <left>210</left>
          <top>265</top>
          <height>25</height>
          <width>1000</width>
          <label>$INFO[VideoPlayer.TVShowTitle] ($INFO[VideoPlayer.Season,$LOCALIZE[20373] , - ]$INFO[VideoPlayer.episode,$LOCALIZE[20359] ,])</label>
          <align>left</align>
          <aligny>center</aligny>
          <font>font12</font>
          <textcolor>white</textcolor>
          <shadowcolor>black</shadowcolor>
        </control>
        <control type="label">
          <description>Title label</description>
          <left>210</left>
          <top>285</top>
          <height>30</height>
          <width>1000</width>
          <label>$INFO[Player.Title]</label>
          <align>left</align>
          <aligny>center</aligny>
          <font>font13_title</font>
          <textcolor>white</textcolor>
          <shadowcolor>black</shadowcolor>
        </control>
        <control type="label">
          <description>Time Label</description>
          <left>210</left>
          <top>310</top>
          <height>30</height>
          <width>300</width>
          <label>$INFO[Player.Time]$INFO[Player.Duration,[COLOR=blue] / [/COLOR]]</label>
          <align>left</align>
          <aligny>center</aligny>
          <font>font12</font>
          <textcolor>white</textcolor>
          <shadowcolor>black</shadowcolor>
        </control>
      </control>
    </control_off>
    <include condition="!Skin.HasSetting(HomepageHideRecentlyAddedVideo) | !Skin.HasSetting(HomepageHideRecentlyAddedAlbums)">HomeRecentlyAddedInfo</include>
    <control type="button" id="9003">
      <description>Hidden Button to pass through navigation when recently added is disabled</description>
      <left>-20</left>
      <top>-20</top>
      <width>1</width>
      <height>1</height>
      <label />
      <font />
      <texturefocus />
      <texturenofocus />
      <onleft>9000</onleft>
      <onright>9000</onright>
      <onup>20</onup>
      <ondown>608</ondown>
      <visible>false</visible>
    </control>
    <control_off type="group">
      <depth>DepthMenu-</depth>
      <description>Controls for currently playing media</description>
      <left>545r</left>
      <top>370</top>
      <animation effect="slide" start="0,0" end="365,0" time="225" condition="!Player.HasMedia">conditional</animation>
      <animation type="WindowOpen" reversible="false">
        <effect type="zoom" start="80" end="100" center="640,360" easing="out" tween="back" time="225" />
        <effect type="fade" start="0" end="100" time="225" />
      </animation>
      <animation type="WindowClose" reversible="false">
        <effect type="zoom" start="100" end="80" center="640,360" easing="in" tween="back" time="225" />
        <effect type="fade" start="100" end="0" time="225" />
      </animation>
      <visible>String.IsEmpty(Window(Videos).Property(PlayingBackgroundMedia))</visible>
      <control type="image">
        <description>Background End image</description>
        <left>0</left>
        <top>0</top>
        <width>35</width>
        <height>35</height>
        <colordiffuse>CCFFFFFF</colordiffuse>
        <texture flipy="true" border="0,5,0,0" flipx="true">HomeSubEnd.png</texture>
        <animation effect="slide" start="0,0" end="145,0" time="0" condition="!System.HasAddon(script.globalsearch)">Conditional</animation>
      </control>
      <control type="radiobutton" id="608">
        <colordiffuse>CCFFFFFF</colordiffuse>
        <description>Global Search</description>
        <left>35</left>
        <top>0</top>
        <height>35</height>
        <width>145</width>
        <textwidth>150</textwidth>
        <textoffsetx>10</textoffsetx>
        <align>left</align>
        <aligny>center</aligny>
        <font>font12</font>
        <textcolor>grey2</textcolor>
        <focusedcolor>white</focusedcolor>
        <texturefocus flipy="true" border="5">HomeSubFO.png</texturefocus>
        <texturenofocus flipy="true" border="5">HomeSubNF.png</texturenofocus>
        <pulseonselect>false</pulseonselect>
        <label>137</label>
        <onclick>RunScript(script.globalsearch)</onclick>
        <textureradioonfocus>icon_search_home.png</textureradioonfocus>
        <textureradioonnofocus>icon_search_home.png</textureradioonnofocus>
        <textureradioofffocus>icon_search_home.png</textureradioofffocus>
        <textureradiooffnofocus>icon_search_home.png</textureradiooffnofocus>
        <onleft>607</onleft>
        <onright>601</onright>
        <onup>9003</onup>
        <ondown>9000</ondown>
        <visible>System.HasAddon(script.globalsearch)</visible>
      </control>
      <control type="group" id="600">
        <left>180</left>
        <onup>9003</onup>
        <ondown>9000</ondown>
        <defaultcontrol />
        <enable>Player.HasMedia</enable>
        <control type="image">
          <description>Background image</description>
          <left>0</left>
          <top>0</top>
          <width>205</width>
          <height>35</height>
          <texture flipy="true" border="0,5,0,0">HomeSubNF.png</texture>
          <colordiffuse>CCFFFFFF</colordiffuse>
        </control>
        <control type="group">
          <visible>!VideoPlayer.Content(LiveTV)</visible>
          <control type="button" id="601">
            <left>10</left>
            <top>2</top>
            <width>30</width>
            <height>30</height>
            <label />
            <texturefocus>OSDPrevTrackFO.png</texturefocus>
            <texturenofocus>OSDPrevTrackNF.png</texturenofocus>
            <onleft>608</onleft>
            <onright>602</onright>
            <onup>9003</onup>
            <ondown>9000</ondown>
            <onclick>PlayerControl(Previous)</onclick>
          </control>
          <control type="button" id="602">
            <left>40</left>
            <top>2</top>
            <width>30</width>
            <height>30</height>
            <label />
            <texturefocus>OSDRewindFO.png</texturefocus>
            <texturenofocus>OSDRewindNF.png</texturenofocus>
            <onleft>601</onleft>
            <onright>603</onright>
            <onup>9003</onup>
            <ondown>9000</ondown>
            <onclick>PlayerControl(Rewind)</onclick>
          </control>
          <control type="togglebutton" id="603">
            <left>70</left>
            <top>2</top>
            <width>30</width>
            <height>30</height>
            <label />
            <texturefocus>OSDPauseFO.png</texturefocus>
            <texturenofocus>OSDPauseNF.png</texturenofocus>
            <usealttexture>Player.Paused | Player.Forwarding | Player.Rewinding</usealttexture>
            <alttexturefocus>OSDPlayFO.png</alttexturefocus>
            <alttexturenofocus>OSDPlayNF.png</alttexturenofocus>
            <onleft>602</onleft>
            <onright>604</onright>
            <onup>9003</onup>
            <ondown>9000</ondown>
            <onclick>PlayerControl(Play)</onclick>
          </control>
          <control type="button" id="604">
            <left>100</left>
            <top>2</top>
            <width>30</width>
            <height>30</height>
            <label />
            <texturefocus>OSDStopFO.png</texturefocus>
            <texturenofocus>OSDStopNF.png</texturenofocus>
            <onleft>603</onleft>
            <onright>605</onright>
            <onup>9003</onup>
            <ondown>9000</ondown>
            <onclick>down</onclick>
            <onclick>PlayerControl(Stop)</onclick>
          </control>
          <control type="button" id="605">
            <left>130</left>
            <top>2</top>
            <width>30</width>
            <height>30</height>
            <label />
            <texturefocus>OSDForwardFO.png</texturefocus>
            <texturenofocus>OSDForwardNF.png</texturenofocus>
            <onleft>604</onleft>
            <onright>606</onright>
            <onup>9003</onup>
            <ondown>9000</ondown>
            <onclick>PlayerControl(Forward)</onclick>
          </control>
          <control type="button" id="606">
            <left>160</left>
            <top>2</top>
            <width>30</width>
            <height>30</height>
            <label />
            <texturefocus>OSDNextTrackFO.png</texturefocus>
            <texturenofocus>OSDNextTrackNF.png</texturenofocus>
            <onleft>605</onleft>
            <onright>607</onright>
            <onup>9003</onup>
            <ondown>9000</ondown>
            <onclick>PlayerControl(Next)</onclick>
          </control>
        </control>
        <control type="group" id="600">
          <visible>VideoPlayer.Content(LiveTV)</visible>
          <control type="button" id="601">
            <left>10</left>
            <top>2</top>
            <width>30</width>
            <height>30</height>
            <label />
            <texturefocus>OSDChannelUPFO.png</texturefocus>
            <texturenofocus>OSDChannelUPNF.png</texturenofocus>
            <onleft>608</onleft>
            <onright>602</onright>
            <onup>9003</onup>
            <ondown>9000</ondown>
            <onclick>ChannelDown</onclick>
          </control>
          <control type="button" id="602">
            <left>40</left>
            <top>2</top>
            <width>30</width>
            <height>30</height>
            <label />
            <texturefocus>OSDChannelDownFO.png</texturefocus>
            <texturenofocus>OSDChannelDownNF.png</texturenofocus>
            <onleft>601</onleft>
            <onright>603</onright>
            <onup>9003</onup>
            <ondown>9000</ondown>
            <onclick>ChannelUp</onclick>
          </control>
          <control type="button" id="603">
            <left>70</left>
            <top>2</top>
            <width>30</width>
            <height>30</height>
            <label />
            <texturefocus>OSDStopFO.png</texturefocus>
            <texturenofocus>OSDStopNF.png</texturenofocus>
            <onleft>602</onleft>
            <onright>604</onright>
            <onup>9003</onup>
            <ondown>9000</ondown>
            <onclick>down</onclick>
            <onclick>PlayerControl(Stop)</onclick>
          </control>
          <control type="togglebutton" id="604">
            <left>100</left>
            <top>2</top>
            <width>30</width>
            <height>30</height>
            <label />
            <texturefocus>OSDPauseFO.png</texturefocus>
            <texturenofocus>OSDPauseNF.png</texturenofocus>
            <usealttexture>Player.Paused | Player.Forwarding | Player.Rewinding</usealttexture>
            <alttexturefocus>OSDPlayFO.png</alttexturefocus>
            <alttexturenofocus>OSDPlayNF.png</alttexturenofocus>
            <onleft>603</onleft>
            <onright>605</onright>
            <onup>9003</onup>
            <ondown>9000</ondown>
            <onclick>PlayerControl(Play)</onclick>
            <enable>Player.PauseEnabled</enable>
            <animation effect="fade" start="100" end="30" time="75" condition="!Player.PauseEnabled">Conditional</animation>
          </control>
          <control type="button" id="605">
            <left>130</left>
            <top>2</top>
            <width>30</width>
            <height>30</height>
            <label />
            <texturefocus>OSDRadioRDSFO.png</texturefocus>
            <texturenofocus>OSDRadioRDSNF.png</texturenofocus>
            <onleft>604</onleft>
            <onright>606</onright>
            <onup>9003</onup>
            <ondown>9000</ondown>
            <onclick>ActivateWindow(PVRRadioRDSInfo)</onclick>
            <enable>RDS.HasRadiotextPlus</enable>
            <animation effect="fade" start="100" end="30" time="75" condition="!RDS.HasRadiotextPlus">Conditional</animation>
          </control>
          <control type="button" id="606">
            <left>160</left>
            <top>2</top>
            <width>30</width>
            <height>30</height>
            <label />
            <texturefocus>OSDRecordOffFO.png</texturefocus>
            <texturenofocus>OSDRecordOffNF.png</texturenofocus>
            <onleft>605</onleft>
            <onright>607</onright>
            <onup>9003</onup>
            <ondown>9000</ondown>
            <onclick>PVR.ToggleRecordPlayingChannel</onclick>
          </control>
        </control>
      </control>
      <control type="radiobutton" id="607">
        <colordiffuse>CCFFFFFF</colordiffuse>
        <description>Go to fullscreen Playback</description>
        <left>385</left>
        <top>0</top>
        <height>35</height>
        <width>160</width>
        <textwidth>150</textwidth>
        <textoffsetx>10</textoffsetx>
        <align>left</align>
        <aligny>center</aligny>
        <font>font12</font>
        <textcolor>grey2</textcolor>
        <focusedcolor>white</focusedcolor>
        <texturefocus flipy="true" border="5">HomeSubFO.png</texturefocus>
        <texturenofocus flipy="true" border="5">HomeSubNF.png</texturenofocus>
        <pulseonselect>false</pulseonselect>
        <label>31008</label>
        <onclick>fullscreen</onclick>
        <textureradioonfocus>GoFullscreen.png</textureradioonfocus>
        <textureradioonnofocus>GoFullscreen.png</textureradioonnofocus>
        <textureradioofffocus>GoFullscreen.png</textureradioofffocus>
        <textureradiooffnofocus>GoFullscreen.png</textureradiooffnofocus>
        <onleft>606</onleft>
        <onright>608</onright>
        <onup>9003</onup>
        <ondown>9000</ondown>
        <enable>Player.HasMedia</enable>
      </control>
    </control_off>
    <control_off type="group" id="9002">
      <depth>DepthMenu</depth>
      <onup>9001</onup>
      <ondown>21</ondown>
      <control type="fixedlist" id="700">
        <animation effect="slide" start="0,0" end="-91,0" time="0" condition="String.IsEqual(Container(700).NumItems,2) | String.IsEqual(Container(700).NumItems,4)">conditional</animation>
        <visible>Container(9000).HasFocus(2) | Container(9000).HasFocus(10) | Container(9000).HasFocus(11)</visible>
        <onleft>700</onleft>
        <onright>700</onright>
        <onup>9001</onup>
        <ondown>21</ondown>
        <include>HomeAddonsCommonLayout</include>
        <content>
          <include>HomeAddonItemsVideos</include>
        </content>
      </control>
      <control type="fixedlist" id="703">
        <animation effect="slide" start="0,0" end="-91,0" time="0" condition="String.IsEqual(Container(703).NumItems,2) | String.IsEqual(Container(703).NumItems,4)">conditional</animation>
        <visible>Container(9000).HasFocus(3)</visible>
        <onleft>703</onleft>
        <onright>703</onright>
        <onup>9001</onup>
        <ondown>21</ondown>
        <include>HomeAddonsCommonLayout</include>
        <content>
          <include>HomeAddonItemsMusic</include>
        </content>
      </control>
      <control type="fixedlist" id="704">
        <animation effect="slide" start="0,0" end="-91,0" time="0" condition="String.IsEqual(Container(704).NumItems,2) | String.IsEqual(Container(704).NumItems,4)">conditional</animation>
        <visible>Container(9000).HasFocus(4)</visible>
        <onleft>704</onleft>
        <onright>704</onright>
        <onup>9001</onup>
        <ondown>21</ondown>
        <include>HomeAddonsCommonLayout</include>
        <content>
          <include>HomeAddonItemsPictures</include>
        </content>
      </control>
      <control type="fixedlist" id="705">
        <animation effect="slide" start="0,0" end="-91,0" time="0" condition="String.IsEqual(Container(705).NumItems,2) | String.IsEqual(Container(705).NumItems,4)">conditional</animation>
        <visible>Container(9000).HasFocus(1)</visible>
        <onleft>705</onleft>
        <onright>705</onright>
        <onup>9001</onup>
        <ondown>21</ondown>
        <include>HomeAddonsCommonLayout</include>
        <content>
          <include>HomeAddonItemsPrograms</include>
        </content>
      </control>
      <control type="fixedlist" id="706">
        <animation effect="slide" start="0,0" end="-91,0" time="0" condition="String.IsEqual(Container(706).NumItems,2) | String.IsEqual(Container(706).NumItems,4)">conditional</animation>
        <visible>Container(9000).HasFocus(14)</visible>
        <onleft>706</onleft>
        <onright>706</onright>
        <onup>9001</onup>
        <ondown>21</ondown>
        <include>HomeAddonsCommonLayout</include>
        <content>
          <include>HomeAddonItemsGames</include>
        </content>
      </control>
    </control_off>
    <control_off type="group" id="10">
      <depth>DepthFooter</depth>
      <left>20</left>
      <top>55r</top>
      <include>Window_OpenClose_Animation</include>
      <control type="button" id="20">
        <description>Favourites push button</description>
        <left>55</left>
        <top>0</top>
        <width>45</width>
        <height>45</height>
        <label>31003</label>
        <font />
        <onclick>ActivateWindow(Favourites)</onclick>
        <texturefocus border="5">floor_buttonFO.png</texturefocus>
        <texturenofocus border="5">floor_button.png</texturenofocus>
        <onleft>21</onleft>
        <onright>noop</onright>
        <onup>9002</onup>
        <ondown>9003</ondown>
      </control>
      <control type="image">
        <description>Favourites Icon</description>
        <left>60</left>
        <top>5</top>
        <width>35</width>
        <height>35</height>
        <aspectratio>keep</aspectratio>
        <texture>icon_favourites.png</texture>
      </control>
      <control type="button" id="21">
        <description>Power push button</description>
        <left>0</left>
        <top>0</top>
        <width>45</width>
        <height>45</height>
        <label>1036</label>
        <font />
        <onclick>ActivateWindow(ShutdownMenu)</onclick>
        <texturefocus border="5">floor_buttonFO.png</texturefocus>
        <texturenofocus border="5">floor_button.png</texturenofocus>
        <onleft>noop</onleft>
        <onright>20</onright>
        <onup>9002</onup>
        <ondown>9003</ondown>
      </control>
      <control type="image">
        <description>Power Icon</description>
        <left>5</left>
        <top>5</top>
        <width>35</width>
        <height>35</height>
        <aspectratio>keep</aspectratio>
        <texture>icon_power.png</texture>
      </control>
    </control_off>
    <!--Weather-->
    <control type="group">
      <left>5</left>
      <top>5</top>
      <visible>Skin.HasSetting(homepageWeatherinfo) + !String.IsEmpty(Weather.Plugin)</visible>
      <include>Window_OpenClose_Animation</include>
      <animation effect="zoom" start="160" end="160" time="0" condition="true">Conditional</animation>
      <control_off type="image">
        <description>Weather image</description>
        <left>-40</left>
        <top>-5</top>
        <width>350</width>
        <height>70</height>
        <texture>bmw/header.png</texture>
        <visible>Skin.HasSetting(MainMenuHorizontal)</visible>
      </control_off>
      <control type="image">
        <description>Weather image</description>
        <left>0</left>
        <top>0</top>
        <width>60</width>
        <height>60</height>
        <aspectratio>keep</aspectratio>
        <texture>$INFO[Weather.Conditions]</texture>
      </control>
      <control type="label">
        <description>Location label</description>
        <left>65</left>
        <top>5</top>
        <width>500</width>
        <height>15</height>
        <align>left</align>
        <aligny>center</aligny>
        <font>font10</font>
        <textcolor>white</textcolor>
        <shadowcolor>black</shadowcolor>
        <label>$INFO[Window(Weather).Property(Location)]</label>
      </control>
      <control type="grouplist">
        <left>65</left>
        <top>20</top>
        <width>1000</width>
        <height>30</height>
        <orientation>horizontal</orientation>
        <align>left</align>
        <itemgap>0</itemgap>
        <control type="label">
          <description>Temp label</description>
          <width min="0" max="345">auto</width>
          <height>30</height>
          <align>left</align>
          <aligny>center</aligny>
          <font>font28_title</font>
          <textcolor>white</textcolor>
          <shadowcolor>black</shadowcolor>
          <label>[B]$INFO[Window(Weather).Property(Current.Temperature)][/B]</label>
        </control>
        <control type="label">
          <description>Temp Units</description>
          <width min="0" max="100">auto</width>
          <height>22</height>
          <font>font10</font>
          <aligny>center</aligny>
          <label>$INFO[System.TemperatureUnits]</label>
          <textcolor>white</textcolor>
          <shadowcolor>black</shadowcolor>
          <visible>!String.IsEmpty(Window(Weather).Property(Current.Temperature))</visible>
        </control>
        <control type="label">
          <description>Conditions Label</description>
          <width>500</width>
          <height>22</height>
          <font>font10</font>
          <aligny>center</aligny>
          <label>$INFO[Window(Weather).Property(Current.Condition),  ]</label>
          <textcolor>grey2</textcolor>
          <shadowcolor>black</shadowcolor>
        </control>
      </control>
    </control>
    <!--OBC Bar-->
    <control type="group">
      <visible>Skin.HasSetting(HomeObcBar)</visible>
      <depth>DepthHeader</depth>
      <!--Home OBC Bar-->
      <include>HomeObcBar</include>
      <!--Repeat-->
      <control type="group">
        <posx>1180</posx>
        <posy>60</posy>
        <visible>Playlist.IsRepeatOne | Playlist.IsRepeat</visible>
        <animation effect="slide" start="0,0" end="110,0" time="200">WindowClose</animation>
        <animation effect="slide" start="110,0" end="0,0" time="250">WindowOpen</animation>
        <animation effect="slide" start="110,0" end="0,0" time="250">VisibleChange</animation>
        <control type="group">
          <control type="image">
            <description>repeat background</description>
            <posx>0</posx>
            <posy>0</posy>
            <width>100</width>
            <height>60</height>
            <texture flipx="true" border="32,0,0,0">bmw/header.png</texture>
          </control>
          <control type="image">
            <posx>30</posx>
            <posy>-2</posy>
            <width>60</width>
            <height>60</height>
            <texture>OSDRepeatAllNF.png</texture>
            <visible>!Playlist.IsRepeatOne</visible>
          </control>
          <control type="image">
            <posx>30</posx>
            <posy>-2</posy>
            <width>60</width>
            <height>60</height>
            <texture>OSDRepeatOneNF.png</texture>
            <visible>Playlist.IsRepeatOne</visible>
          </control>
        </control>
      </control>
    </control>
    <!--Mute-->
    <control type="group">
      <posx>90r</posx>
      <posy>0</posy>
      <visible>Player.Muted</visible>
      <animation effect="slide" end="100,0" time="300">Hidden</animation>
      <animation effect="slide" end="100,0" time="300" condition="Player.Muted">WindowClose</animation>
      <animation effect="slide" start="100,0" time="300">Visible</animation>
      <animation effect="slide" start="100,0" time="300" condition="Player.Muted">WindowOpen</animation>
      <control type="image">
        <posx>0</posx>
        <posy>0</posy>
        <width>100</width>
        <height>60</height>
        <texture flipx="true" border="32,0,0,0">bmw/header.png</texture>
      </control>
      <control type="image">
        <posx>25</posx>
        <posy>0</posy>
        <width>62</width>
        <height>62</height>
        <aspectratio>keep</aspectratio>
        <texture>icon-mute.png</texture>
      </control>
    </control>
  </controls>
</window>