﻿<?xml version="1.0" encoding="utf-8"?>
<fonts>
  <!--OLD Default Roboto-->
  <fontset_ORG_DEFAULT id="Default" idloc="31390">
    <!-- Normal Fonts -->
    <font>
      <name>font10</name>
      <filename>Roboto-Regular.ttf</filename>
      <size>14</size>
    </font>
    <font>
      <name>font12</name>
      <filename>Roboto-Regular.ttf</filename>
      <size>17</size>
    </font>
    <font>
      <name>font13</name>
      <filename>Roboto-Regular.ttf</filename>
      <size>20</size>
    </font>
    <font>
      <name>font14</name>
      <filename>Roboto-Regular.ttf</filename>
      <size>22</size>
    </font>
    <font>
      <name>font16</name>
      <filename>Roboto-Regular.ttf</filename>
      <size>25</size>
    </font>
    <font>
      <name>font30</name>
      <filename>Roboto-Regular.ttf</filename>
      <size>30</size>
    </font>
    <font>
      <name>fontContextMenu</name>
      <filename>Roboto-Regular.ttf</filename>
      <size>18</size>
    </font>
    <!-- Title Fonts -->
    <font>
      <name>font10_title</name>
      <filename>Roboto-Bold.ttf</filename>
      <size>12</size>
    </font>
    <font>
      <name>font12_title</name>
      <filename>Roboto-Bold.ttf</filename>
      <size>17</size>
    </font>
    <font>
      <name>font13_title</name>
      <filename>Roboto-Bold.ttf</filename>
      <size>20</size>
    </font>
    <font>
      <name>font24_title</name>
      <filename>Roboto-Bold.ttf</filename>
      <size>24</size>
    </font>
    <font>
      <name>font28_title</name>
      <filename>Roboto-Bold.ttf</filename>
      <size>28</size>
    </font>
    <font>
      <name>font30_title</name>
      <filename>Roboto-Bold.ttf</filename>
      <size>30</size>
    </font>
    <font>
      <name>font35_title</name>
      <filename>Roboto-Bold.ttf</filename>
      <size>35</size>
    </font>
    <font>
      <name>font_MainMenu</name>
      <filename>Roboto-Bold.ttf</filename>
      <size>40</size>
    </font>
    <font>
      <name>WeatherTemp</name>
      <filename>Roboto-Bold.ttf</filename>
      <size>80</size>
    </font>
  </fontset_ORG_DEFAULT>
  <!--NEW Default with DejaVuSans-->
  <fontset id="Default" unicode="31390">
    <!-- Normal Fonts -->
    <font>
      <name>font10</name>
      <filename>DejaVuSans.ttf</filename>
      <size>12</size>
    </font>
    <font>
      <name>font12</name>
      <filename>DejaVuSans.ttf</filename>
      <size>16</size>
    </font>
    <font>
      <name>font12caps</name>
      <filename>DefaultCaps.ttf</filename>
      <size>16</size>
    </font>
    <font>
      <name>font13</name>
      <filename>DejaVuSans.ttf</filename>
      <size>20</size>
    </font>
    <font>
      <name>font13caps</name>
      <filename>DefaultCaps.ttf</filename>
      <size>20</size>
    </font>
    <font>
      <name>font16caps</name>
      <filename>DefaultCaps.ttf</filename>
      <size>25</size>
    </font>
    <font>
      <name>font30</name>
      <filename>DejaVuSans.ttf</filename>
      <size>30</size>
    </font>
    <font>
      <name>font_MainMenu</name>
      <filename>DejaVuSans-Bold.ttf</filename>
      <size>40</size>
    </font>
    <font>
      <name>fontContextMenu</name>
      <filename>DejaVuSans.ttf</filename>
      <size>18</size>
    </font>
    <!-- Title Fonts -->
    <font>
      <name>font10_title</name>
      <filename>DejaVuSans-Bold.ttf</filename>
      <size>12</size>
    </font>
    <font>
      <name>font12_title</name>
      <filename>DejaVuSans-Bold.ttf</filename>
      <size>16</size>
    </font>
    <font>
      <name>font13_title</name>
      <filename>DejaVuSans-Bold.ttf</filename>
      <size>20</size>
    </font>
    <font>
      <name>font24_title</name>
      <filename>DejaVuSans-Bold.ttf</filename>
      <size>24</size>
    </font>
    <font>
      <name>font28_title</name>
      <filename>DejaVuSans-Bold.ttf</filename>
      <size>28</size>
    </font>
    <font>
      <name>font30_title</name>
      <filename>DejaVuSans-Bold.ttf</filename>
      <size>30</size>
    </font>
    <font>
      <name>font35_title</name>
      <filename>DejaVuSans-Bold.ttf</filename>
      <size>35</size>
    </font>
    <font>
      <name>font38_title</name>
      <filename>DejaVuSans-Bold.ttf</filename>
      <size>38</size>
    </font>
    <font>
      <name>font50_title</name>
      <filename>DejaVuSans-Bold.ttf</filename>
      <size>50</size>
    </font>
    <font>
      <name>font55_title</name>
      <filename>DejaVuSans-Bold.ttf</filename>
      <size>55</size>
    </font>
    <font>
      <name>font50caps_title</name>
      <filename>DejaVuSans-Bold-Caps.ttf</filename>
      <size>35</size>
    </font>
    <font>
      <name>font45caps_title</name>
      <filename>DejaVuSans-Bold-Caps.ttf</filename>
      <size>45</size>
    </font>
    <font>
      <name>font55caps_title</name>
      <filename>DejaVuSans-Bold-Caps.ttf</filename>
      <size>55</size>
    </font>
    <font>
      <name>WeatherTemp</name>
      <filename>DejaVuSans-Bold.ttf</filename>
      <size>80</size>
    </font>
    <font>
      <name>bmw_big</name>
      <filename>DejaVuSans.ttf</filename>
      <size>40</size>
    </font>
    <!-- Addon fonts -->
    <font>
      <name>osmc_addon_Font60</name>
      <filename>OpenSans-Regular.ttf</filename>
      <size>60</size>
    </font>
    <font>
      <name>osmc_addon_Font40</name>
      <filename>OpenSans-Regular.ttf</filename>
      <size>40</size>
    </font>
    <font>
      <name>osmc_addon_Font30</name>
      <filename>OpenSans-Regular.ttf</filename>
      <linespacing>0.88</linespacing>
      <size>30</size>
    </font>
    <font>
      <name>osmc_addon_Font26</name>
      <filename>OpenSans-Regular.ttf</filename>
      <linespacing>0.88</linespacing>
      <size>26</size>
    </font>
    <!-- Old addon fonts -->
    <font>
      <name>osmc_addon_OLD_Font72</name>
      <filename>Roboto-Light.ttf</filename>
      <size>72</size>
    </font>
    <font>
      <name>osmc_addon_OLD_Font48</name>
      <filename>Roboto-Light.ttf</filename>
      <size>48</size>
    </font>
    <font>
      <name>osmc_addon_OLD_Font42</name>
      <filename>Roboto-Light.ttf</filename>
      <size>42</size>
    </font>
    <font>
      <name>osmc_addon_OLD_Font36</name>
      <filename>Roboto-Light.ttf</filename>
      <size>36</size>
      <linespacing>1.3</linespacing>
    </font>
    <font>
      <name>osmc_addon_OLD_Font33</name>
      <filename>Roboto-Light.ttf</filename>
      <size>33</size>
    </font>
    <font>
      <name>osmc_addon_OLD_Font30</name>
      <filename>Roboto-Light.ttf</filename>
      <size>30</size>
    </font>
    <font>
      <name>osmc_addon_OLD_Font27</name>
      <filename>Roboto-Light.ttf</filename>
      <size>27</size>
      <linespacing>1.3</linespacing>
    </font>
    <font>
      <name>osmc_addon_OLD_Font25</name>
      <filename>Roboto-Light.ttf</filename>
      <size>25</size>
      <linespacing>1.3</linespacing>
    </font>
    <!-- Addon 720 fonts -->
    <font>
      <name>osmc_addon_720_Font60</name>
      <filename>OpenSans-Regular.ttf</filename>
      <size>40</size>
    </font>
    <font>
      <name>osmc_addon_720_Font40</name>
      <filename>OpenSans-Regular.ttf</filename>
      <size>27</size>
    </font>
    <font>
      <name>osmc_addon_720_Font30</name>
      <filename>OpenSans-Regular.ttf</filename>
      <linespacing>0.88</linespacing>
      <size>20</size>
    </font>
    <font>
      <name>osmc_addon_720_Font26</name>
      <filename>OpenSans-Regular.ttf</filename>
      <linespacing>0.88</linespacing>
      <size>17</size>
    </font>
    <!-- Old addon 720 fonts -->
    <font>
      <name>osmc_addon_720_OLD_Font72</name>
      <filename>Roboto-Light.ttf</filename>
      <size>48</size>
    </font>
    <font>
      <name>osmc_addon_720_OLD_Font48</name>
      <filename>Roboto-Light.ttf</filename>
      <size>32</size>
    </font>
    <font>
      <name>osmc_addon_720_OLD_Font42</name>
      <filename>Roboto-Light.ttf</filename>
      <size>28</size>
    </font>
    <font>
      <name>osmc_addon_720_OLD_Font36</name>
      <filename>Roboto-Light.ttf</filename>
      <size>24</size>
      <linespacing>1.3</linespacing>
    </font>
    <font>
      <name>osmc_addon_720_OLD_Font33</name>
      <filename>Roboto-Light.ttf</filename>
      <size>22</size>
    </font>
    <font>
      <name>osmc_addon_720_OLD_Font30</name>
      <filename>Roboto-Light.ttf</filename>
      <size>20</size>
    </font>
    <font>
      <name>osmc_addon_720_OLD_Font27</name>
      <filename>Roboto-Light.ttf</filename>
      <size>18</size>
      <linespacing>1.3</linespacing>
    </font>
    <font>
      <name>osmc_addon_720_OLD_Font25</name>
      <filename>Roboto-Light.ttf</filename>
      <size>17</size>
      <linespacing>1.3</linespacing>
    </font>
    <!-- new addon fonts -->
    <font>
      <name>osmc_addon_XLarge</name>
      <filename>NotoSans-Regular.ttf</filename>
      <linespacing>0.94</linespacing>
      <size>48</size>
    </font>
    <font>
      <name>osmc_addon_Large</name>
      <filename>NotoSans-Regular.ttf</filename>
      <linespacing>0.94</linespacing>
      <size>43</size>
    </font>
    <font>
      <name>osmc_addon_Med</name>
      <filename>NotoSans-Regular.ttf</filename>
      <linespacing>0.94</linespacing>
      <size>38</size>
    </font>
    <font>
      <name>osmc_addon_Small</name>
      <filename>NotoSans-Regular.ttf</filename>
      <linespacing>0.94</linespacing>
      <size>33</size>
    </font>
    <font>
      <name>osmc_addon_XSmall</name>
      <filename>NotoSans-Regular.ttf</filename>
      <linespacing>0.94</linespacing>
      <size>28</size>
    </font>
    <font>
      <name>osmc_addon_font13</name>
      <filename>Arial.ttf</filename>
      <linespacing>0.94</linespacing>
      <size>21</size>
    </font>
    <!-- new addon 720 fonts -->
    <font>
      <name>osmc_addon_720_XLarge</name>
      <filename>NotoSans-Regular.ttf</filename>
      <linespacing>0.94</linespacing>
      <size>32</size>
    </font>
    <font>
      <name>osmc_addon_720_Large</name>
      <filename>NotoSans-Regular.ttf</filename>
      <linespacing>0.94</linespacing>
      <size>29</size>
    </font>
    <font>
      <name>osmc_addon_720_Med</name>
      <filename>NotoSans-Regular.ttf</filename>
      <linespacing>0.94</linespacing>
      <size>25</size>
    </font>
    <font>
      <name>osmc_addon_720_Small</name>
      <filename>NotoSans-Regular.ttf</filename>
      <linespacing>0.94</linespacing>
      <size>22</size>
    </font>
    <font>
      <name>osmc_addon_720_XSmall</name>
      <filename>NotoSans-Regular.ttf</filename>
      <linespacing>0.94</linespacing>
      <size>19</size>
    </font>
    <font>
      <name>osmc_addon_720_font13</name>
      <filename>Arial.ttf</filename>
      <linespacing>0.94</linespacing>
      <size>14</size>
    </font>
  </fontset>
  <!--Copy of old default Roboto-->
  <fontset id="Roboto (old default)" unicode="true">
    <!-- Normal Fonts -->
    <font>
      <name>font10</name>
      <filename>Roboto-Regular.ttf</filename>
      <size>14</size>
    </font>
    <font>
      <name>font12</name>
      <filename>Roboto-Regular.ttf</filename>
      <size>17</size>
    </font>
    <font>
      <name>font13</name>
      <filename>Roboto-Regular.ttf</filename>
      <size>20</size>
    </font>
    <font>
      <name>font14</name>
      <filename>Roboto-Regular.ttf</filename>
      <size>22</size>
    </font>
    <font>
      <name>font16</name>
      <filename>Roboto-Regular.ttf</filename>
      <size>25</size>
    </font>
    <font>
      <name>font30</name>
      <filename>Roboto-Regular.ttf</filename>
      <size>30</size>
    </font>
    <font>
      <name>fontContextMenu</name>
      <filename>Roboto-Regular.ttf</filename>
      <size>18</size>
    </font>
    <!-- Title Fonts -->
    <font>
      <name>font10_title</name>
      <filename>Roboto-Bold.ttf</filename>
      <size>12</size>
    </font>
    <font>
      <name>font12_title</name>
      <filename>Roboto-Bold.ttf</filename>
      <size>17</size>
    </font>
    <font>
      <name>font13_title</name>
      <filename>Roboto-Bold.ttf</filename>
      <size>20</size>
    </font>
    <font>
      <name>font24_title</name>
      <filename>Roboto-Bold.ttf</filename>
      <size>24</size>
    </font>
    <font>
      <name>font28_title</name>
      <filename>Roboto-Bold.ttf</filename>
      <size>28</size>
    </font>
    <font>
      <name>font30_title</name>
      <filename>Roboto-Bold.ttf</filename>
      <size>30</size>
    </font>
    <font>
      <name>font35_title</name>
      <filename>Roboto-Bold.ttf</filename>
      <size>35</size>
    </font>
    <font>
      <name>font_MainMenu</name>
      <filename>Roboto-Bold.ttf</filename>
      <size>40</size>
    </font>
    <font>
      <name>WeatherTemp</name>
      <filename>Roboto-Bold.ttf</filename>
      <size>80</size>
    </font>
  </fontset>
  <fontset id="Massive" idloc="15110">
    <!-- Normal Fonts -->
    <font>
      <name>font10</name>
      <filename>Roboto-Regular.ttf</filename>
      <size>14</size>
    </font>
    <font>
      <name>font12</name>
      <filename>Roboto-Regular.ttf</filename>
      <size>23</size>
    </font>
    <font>
      <name>font13</name>
      <filename>Roboto-Regular.ttf</filename>
      <size>25</size>
    </font>
    <font>
      <name>font14</name>
      <filename>Roboto-Regular.ttf</filename>
      <size>25</size>
    </font>
    <font>
      <name>font16</name>
      <filename>Roboto-Regular.ttf</filename>
      <size>25</size>
    </font>
    <font>
      <name>font30</name>
      <filename>Roboto-Regular.ttf</filename>
      <size>30</size>
    </font>
    <font>
      <name>fontContextMenu</name>
      <filename>Roboto-Regular.ttf</filename>
      <size>25</size>
    </font>
    <!-- Title Fonts -->
    <font>
      <name>font10_title</name>
      <filename>Roboto-Bold.ttf</filename>
      <size>12</size>
    </font>
    <font>
      <name>font12_title</name>
      <filename>Roboto-Bold.ttf</filename>
      <size>17</size>
    </font>
    <font>
      <name>font13_title</name>
      <filename>Roboto-Bold.ttf</filename>
      <size>20</size>
    </font>
    <font>
      <name>font24_title</name>
      <filename>Roboto-Bold.ttf</filename>
      <size>24</size>
    </font>
    <font>
      <name>font28_title</name>
      <filename>Roboto-Bold.ttf</filename>
      <size>28</size>
    </font>
    <font>
      <name>font30_title</name>
      <filename>Roboto-Bold.ttf</filename>
      <size>30</size>
    </font>
    <font>
      <name>font35_title</name>
      <filename>Roboto-Bold.ttf</filename>
      <size>35</size>
    </font>
    <font>
      <name>font_MainMenu</name>
      <filename>Roboto-Bold.ttf</filename>
      <size>40</size>
    </font>
    <font>
      <name>WeatherTemp</name>
      <filename>Roboto-Bold.ttf</filename>
      <size>80</size>
    </font>
  </fontset>
  <fontset id="DefaultNoCaps" idloc="31391">
    <!-- Normal Fonts -->
    <font>
      <name>font10</name>
      <filename>Roboto-Regular.ttf</filename>
      <size>14</size>
    </font>
    <font>
      <name>font12</name>
      <filename>Roboto-Regular.ttf</filename>
      <size>17</size>
    </font>
    <font>
      <name>font13</name>
      <filename>Roboto-Regular.ttf</filename>
      <size>20</size>
    </font>
    <font>
      <name>font14</name>
      <filename>Roboto-Regular.ttf</filename>
      <size>22</size>
    </font>
    <font>
      <name>font16</name>
      <filename>Roboto-Regular.ttf</filename>
      <size>25</size>
    </font>
    <font>
      <name>font30</name>
      <filename>Roboto-Regular.ttf</filename>
      <size>30</size>
    </font>
    <font>
      <name>fontContextMenu</name>
      <filename>Roboto-Regular.ttf</filename>
      <size>18</size>
    </font>
    <!-- Title Fonts -->
    <font>
      <name>font10_title</name>
      <filename>Roboto-Bold.ttf</filename>
      <size>12</size>
    </font>
    <font>
      <name>font12_title</name>
      <filename>Roboto-Bold.ttf</filename>
      <size>17</size>
    </font>
    <font>
      <name>font13_title</name>
      <filename>Roboto-Bold.ttf</filename>
      <size>20</size>
    </font>
    <font>
      <name>font24_title</name>
      <filename>Roboto-Bold.ttf</filename>
      <size>24</size>
    </font>
    <font>
      <name>font28_title</name>
      <filename>Roboto-Bold.ttf</filename>
      <size>28</size>
    </font>
    <font>
      <name>font30_title</name>
      <filename>Roboto-Bold.ttf</filename>
      <size>30</size>
    </font>
    <font>
      <name>font35_title</name>
      <filename>Roboto-Bold.ttf</filename>
      <size>35</size>
    </font>
    <font>
      <name>font_MainMenu</name>
      <filename>Roboto-Bold.ttf</filename>
      <size>40</size>
    </font>
    <font>
      <name>WeatherTemp</name>
      <filename>Roboto-Bold.ttf</filename>
      <size>80</size>
    </font>
  </fontset>
  <fontset id="Arial" idloc="31392">
    <!-- Arial Font better for non English -->
    <font>
      <name>font10</name>
      <filename>arial.ttf</filename>
      <size>12</size>
    </font>
    <font>
      <name>font12</name>
      <filename>arial.ttf</filename>
      <size>15</size>
    </font>
    <font>
      <name>font13</name>
      <filename>arial.ttf</filename>
      <size>18</size>
    </font>
    <font>
      <name>font14</name>
      <filename>arial.ttf</filename>
      <size>20</size>
    </font>
    <font>
      <name>font16</name>
      <filename>arial.ttf</filename>
      <size>23</size>
    </font>
    <font>
      <name>font30</name>
      <filename>arial.ttf</filename>
      <size>28</size>
    </font>
    <font>
      <name>fontContextMenu</name>
      <filename>arial.ttf</filename>
      <size>16</size>
    </font>
    <!-- Title Fonts -->
    <font>
      <name>font10_title</name>
      <filename>arial.ttf</filename>
      <size>10</size>
      <style>bold</style>
    </font>
    <font>
      <name>font12_title</name>
      <filename>arial.ttf</filename>
      <size>15</size>
      <style>bold</style>
    </font>
    <font>
      <name>font13_title</name>
      <filename>arial.ttf</filename>
      <size>18</size>
      <style>bold</style>
    </font>
    <font>
      <name>font24_title</name>
      <filename>arial.ttf</filename>
      <size>22</size>
      <style>bold</style>
    </font>
    <font>
      <name>font28_title</name>
      <filename>arial.ttf</filename>
      <size>26</size>
      <style>bold</style>
    </font>
    <font>
      <name>font30_title</name>
      <filename>arial.ttf</filename>
      <size>28</size>
      <style>bold</style>
    </font>
    <font>
      <name>font35_title</name>
      <filename>arial.ttf</filename>
      <size>33</size>
      <style>bold</style>
    </font>
    <font>
      <name>font_MainMenu</name>
      <filename>arial.ttf</filename>
      <size>35</size>
      <style>bold</style>
    </font>
    <font>
      <name>WeatherTemp</name>
      <filename>arial.ttf</filename>
      <size>80</size>
      <style>bold</style>
    </font>
  </fontset>
  <fontset_OFF_DejaVuSans id="DejaVuSans" unicode="true">
    <!-- Normal Fonts -->
    <font>
      <name>font10</name>
      <filename>DejaVuSans.ttf</filename>
      <size>12</size>
    </font>
    <font>
      <name>font12</name>
      <filename>DejaVuSans.ttf</filename>
      <size>16</size>
    </font>
    <font>
      <name>font12caps</name>
      <filename>DefaultCaps.ttf</filename>
      <size>16</size>
    </font>
    <font>
      <name>font13</name>
      <filename>DejaVuSans.ttf</filename>
      <size>20</size>
    </font>
    <font>
      <name>font13caps</name>
      <filename>DefaultCaps.ttf</filename>
      <size>20</size>
    </font>
    <font>
      <name>font16caps</name>
      <filename>DefaultCaps.ttf</filename>
      <size>25</size>
    </font>
    <font>
      <name>font30</name>
      <filename>DejaVuSans.ttf</filename>
      <size>30</size>
    </font>
    <font>
      <name>font_MainMenu</name>
      <filename>DejaVuSans-Bold.ttf</filename>
      <size>40</size>
    </font>
    <font>
      <name>fontContextMenu</name>
      <filename>DejaVuSans.ttf</filename>
      <size>18</size>
    </font>
    <!-- Title Fonts -->
    <font>
      <name>font10_title</name>
      <filename>DejaVuSans-Bold.ttf</filename>
      <size>12</size>
    </font>
    <font>
      <name>font12_title</name>
      <filename>DejaVuSans-Bold.ttf</filename>
      <size>16</size>
    </font>
    <font>
      <name>font13_title</name>
      <filename>DejaVuSans-Bold.ttf</filename>
      <size>20</size>
    </font>
    <font>
      <name>font24_title</name>
      <filename>DejaVuSans-Bold.ttf</filename>
      <size>24</size>
    </font>
    <font>
      <name>font28_title</name>
      <filename>DejaVuSans-Bold.ttf</filename>
      <size>28</size>
    </font>
    <font>
      <name>font30_title</name>
      <filename>DejaVuSans-Bold.ttf</filename>
      <size>30</size>
    </font>
    <font>
      <name>font35_title</name>
      <filename>DejaVuSans-Bold.ttf</filename>
      <size>35</size>
    </font>
    <font>
      <name>font50caps_title</name>
      <filename>DejaVuSans-Bold-Caps.ttf</filename>
      <size>35</size>
    </font>
    <font>
      <name>font45caps_title</name>
      <filename>DejaVuSans-Bold-Caps.ttf</filename>
      <size>45</size>
    </font>
    <font>
      <name>font55caps_title</name>
      <filename>DejaVuSans-Bold-Caps.ttf</filename>
      <size>55</size>
    </font>
    <font>
      <name>WeatherTemp</name>
      <filename>DejaVuSans-Bold.ttf</filename>
      <size>80</size>
    </font>
  </fontset_OFF_DejaVuSans>
</fonts>