﻿<?xml version="1.0" encoding="utf-8"?>
<window>
  <defaultcontrol_off>203</defaultcontrol_off>
  <allowoverlay>yes</allowoverlay>
  <coordinates>
    <system>1</system>
    <posx>0</posx>
    <posy>0</posy>
  </coordinates>
  <controls>
    <control type="group">
      <animation effect="zoom" start="0,0" end="150,150" center="640,95" time="250" tween="Back" easing="Out">WindowOpen</animation>
      <animation effect="zoom" start="150,150" end="150,0" center="640,95" time="100">WindowClose</animation>
      <posy>95</posy>
      <!-- Background image -->
      <control type="image" id="100">
        <posx>376</posx>
        <width>464</width>
        <height>83</height>
        <texture border="45,0,45,49" colordiffuse="CCFFFFFF">bc-dialog-bottom.png</texture>
      </control>
      <!--Enter Button-->
      <control type="button" id="201">
        <posx>410</posx>
        <posy>0</posy>
        <width>130</width>
        <height>43</height>
        <font>font16caps</font>
        <align>center</align>
        <textcolor>FFEEEEFF</textcolor>
        <label>Set</label>
        <texturefocus border="9,0,2,9">bc-button-corner.png</texturefocus>
        <texturenofocus border="9,0,2,9">bc-button-corner-nofocus.png</texturenofocus>
        <onright>101</onright>
        <ondown>101</ondown>
      </control>
      <!-- Number buttons -->
      <control_off type="button" id="202">
        <posx>540</posx>
        <posy>0</posy>
        <width>67</width>
        <font>font16caps</font>
        <align>center</align>
        <textcolor>FFEEEEFF</textcolor>
        <label> 1 </label>
        <texturefocus>special://home/addons/plugin.script.ibuscommunicator/resources/skins/Default/media/button.png</texturefocus>
        <texturenofocus>special://home/addons/plugin.script.ibuscommunicator/resources/skins/Default/media/button-nofocus.png</texturenofocus>
        <onright>102</onright>
        <onleft>11</onleft>
        <ondown>102</ondown>
        <onup>11</onup>
      </control_off>
      <control type="button" id="203">
        <posx>540</posx>
        <posy>0</posy>
        <height>43</height>
        <width>130</width>
        <font>font16caps</font>
        <align>center</align>
        <textcolor>FFEEEEFF</textcolor>
        <label>----</label>
        <texturefocus border="2,2,2,2">bc-button.png</texturefocus>
        <texturenofocus border="2,2,2,2">bc-button-nofocus.png</texturenofocus>
        <onright>103</onright>
        <onleft>101</onleft>
        <ondown>103</ondown>
        <onup>101</onup>
      </control>
      <control_off type="button" id="204">
        <posx>674</posx>
        <posy>0</posy>
        <width>67</width>
        <font>font16caps</font>
        <align>center</align>
        <textcolor>FFEEEEFF</textcolor>
        <label> 3 </label>
        <texturefocus>button.png</texturefocus>
        <texturenofocus>button-nofocus.png</texturenofocus>
        <onright>104</onright>
        <onleft>102</onleft>
        <ondown>104</ondown>
        <onup>102</onup>
      </control_off>
      <!--Cancel Button-->
      <control type="button" id="205">
        <posx>670</posx>
        <posy>0</posy>
        <height>43</height>
        <width>130</width>
        <font>font16caps</font>
        <align>center</align>
        <textcolor>FFEEEEFF</textcolor>
        <label>Cancel</label>
        <texturefocus border="2,0,9,9" flipx="true">bc-button-corner.png</texturefocus>
        <texturenofocus border="2,0,9,9" flipx="true">bc-button-corner-nofocus.png</texturenofocus>
        <onleft>110</onleft>
        <onup>110</onup>
      </control>
    </control>
  </controls>
</window>