﻿<?xml version="1.0" encoding="utf-8"?>
<includes>
  <variable name="CommonBackground">
    <!--Music-->
    <value condition="Window.IsVisible(music) | Window.IsVisible(musicplaylist) | Window.IsVisible(visualisation) + Player.HasAudio">special://skin/backgrounds/music.jpg</value>
    <!--Videos-->
    <value condition="Window.IsVisible(videos) | Window.IsVisible(videoplaylist) | Window.IsVisible(visualisation) + Player.HasVideo">special://skin/backgrounds/videos.jpg</value>
    <!--Programs-->
    <value condition="Window.IsVisible(programs)">special://skin/backgrounds/programs.jpg</value>
    <!--Settings-->
    <value condition="Window.IsVisible(Settings) | Window.IsVisible(Systeminfo) | Window.IsVisible(systemsettings) | Window.IsVisible(servicesettings) | Window.IsVisible(playersettings) | Window.IsVisible(mediasettings) | Window.IsVisible(interfacesettings) | Window.IsVisible(skinsettings) | Window.IsVisible(profiles)">special://skin/backgrounds/settings.jpg</value>
    <!--Pictures-->
    <value condition="Window.IsVisible(Pictures)">special://skin/backgrounds/pictures.jpg</value>
    <!--Weather-->
    <value condition="Window.IsVisible(Weather)">special://skin/backgrounds/weather.jpg</value>
    <!--Home-->
    <!--Fallback-->
    <value>special://skin/backgrounds/SKINDEFAULT.jpg</value>
  </variable>
  <include name="CommonBackground">
    <control type="image">
      <description>Normal Default Background Image</description>
      <left>0</left>
      <top>0</top>
      <width>1280</width>
      <height>720</height>
      <aspectratio>scale</aspectratio>
      <texture>$VAR[CommonBackground]</texture>
      <visible>![Skin.HasSetting(UseCustomBackground) + !IsEmpty(Skin.String(CustomBackgroundPath))]  + !Window.IsVisible(Home) | Skin.HasSetting(HideBackGroundFanart)</visible>
      <include>VisibleFadeEffect</include>
    </control>
    <control type="multiimage">
      <description>Special Home Menuitem Background Images</description>
      <posx>0</posx>
      <posy>0</posy>
      <width>1280</width>
      <height>720</height>
      <aspectratio>scale</aspectratio>
      <imagepath fallback="special://skin/backgrounds/SKINDEFAULT.jpg" background="true">$INFO[Container(9000).ListItem.ActualIcon]</imagepath>
      <timeperimage>8000</timeperimage>
      <randomize>true</randomize>
      <fadetime>1000</fadetime>
      <visible>![Skin.HasSetting(UseCustomBackground) + !IsEmpty(Skin.String(CustomBackgroundPath))] + Window.IsVisible(Home) + !Skin.HasSetting(HideBackGroundFanart)</visible>
      <include>VisibleFadeEffect</include>
    </control>
    <control type="image">
      <description>osmc</description>
      <left>0</left>
      <top>0</top>
      <width>1280</width>
      <height>720</height>
      <aspectratio>scale</aspectratio>
      <texture>special://skin/backgrounds/OSMC_Background.jpg</texture>
      <visible>![Skin.HasSetting(UseCustomBackground) + !IsEmpty(Skin.String(CustomBackgroundPath))] + Window.IsVisible(Home) + !Skin.HasSetting(HideBackGroundFanart) + !Control.HasFocus(9000) + ControlGroup(9012).HasFocus(90128)</visible>
      <include>VisibleFadeEffect</include>
    </control>
    <control type="image">
      <description>User Set Background Image</description>
      <left>0</left>
      <top>0</top>
      <width>1280</width>
      <height>720</height>
      <aspectratio>scale</aspectratio>
      <texture>$INFO[Skin.String(CustomBackgroundPath)]</texture>
      <visible>Skin.HasSetting(UseCustomBackground) + !IsEmpty(Skin.String(CustomBackgroundPath))</visible>
      <include>VisibleFadeEffect</include>
    </control>
    <control type="image">
      <left>0</left>
      <top>0</top>
      <width>1280</width>
      <height>720</height>
      <aspectratio>scale</aspectratio>
      <texture background="true">$INFO[ListItem.Art(fanart)]</texture>
      <include>backgroundfade</include>
      <fadetime>FanartCrossfadeTime</fadetime>
      <visible>!Skin.HasSetting(HideBackGroundFanart) + !IsEmpty(ListItem.Property(Fanart_Image))</visible>
      <include>Window_OpenClose_Animation</include>
      <visible>![Player.HasVideo + !Skin.HasSetting(ShowBackgroundVideo)]</visible>
    </control>
    <control type="image">
      <left>0</left>
      <top>0</top>
      <width>1280</width>
      <height>720</height>
      <aspectratio>scale</aspectratio>
      <texture>special://skin/backgrounds/media-overlay.jpg</texture>
      <visible>[Player.HasVideo + !Skin.HasSetting(ShowBackgroundVideo)] + !Window.IsVisible(TVChannels) + !Window.IsVisible(RadioChannels)</visible>
      <include>VisibleFadeEffect</include>
    </control>
    <control type="visualisation">
      <left>0</left>
      <top>0</top>
      <width>1280</width>
      <height>720</height>
      <visible>Player.HasAudio + !Skin.HasSetting(ShowBackgroundVis)</visible>
    </control>
    <control type="videowindow">
      <left>0</left>
      <top>0</top>
      <width>1280</width>
      <height>720</height>
      <visible>Player.HasVideo + !Skin.HasSetting(ShowBackgroundVideo) + !Window.IsVisible(TVChannels) + !Window.IsVisible(RadioChannels)</visible>
    </control>
    <control type="image">
      <left>0</left>
      <top>-40</top>
      <width>1280</width>
      <height>120</height>
      <texture flipy="true" border="1">HomeNowPlayingBack.png</texture>
      <visible>[Player.HasVideo + !Skin.HasSetting(ShowBackgroundVideo)] | [Player.HasAudio + !Skin.HasSetting(ShowBackgroundVis)] | [!Skin.HasSetting(HideBackGroundFanart) + !IsEmpty(ListItem.Property(Fanart_Image))]</visible>
      <include>VisibleFadeEffect</include>
    </control>
    <control type="image">
      <description>Dimmed Background Option</description>
      <left>0</left>
      <top>0</top>
      <width>1280</width>
      <height>720</height>
      <texture colordiffuse="$VAR[background_color_diffuse]">bmw/1px_black.png</texture>
      <visible>true</visible>
      <include>VisibleFadeEffect</include>
    </control>
  </include>
  <include name="ContentPanelBackgrounds">
    <control type="image">
      <depth>DepthFloor</depth>
      <left>-20</left>
      <top></top>
      <bottom>0</bottom>
      <width>1320</width>
      <height>100</height>
      <texture>floor.png</texture>
      <animation effect="rotatex" end="45" time="0" center="620,0" condition="true">Conditional</animation>
      <animation effect="slide" start="0,10" end="0,0" time="150" condition="Window.Previous(Home)">WindowOpen</animation>
      <animation effect="slide" start="0,0" end="0,10" time="150" condition="Window.Next(Home)">WindowClose</animation>
    </control>
    <control type="group">
      <include>Window_OpenClose_Animation</include>
      <control type="group">
        <include>VisibleFadeEffect</include>
        <visible>Control.IsVisible(50)</visible>
        <control type="image">
          <left>50</left>
          <top>60</top>
          <width>750</width>
          <height>600</height>
          <texture border="15">ContentPanel.png</texture>
        </control>
        <control type="image">
          <left>50</left>
          <top>652</top>
          <width>750</width>
          <height>64</height>
          <texture border="15">ContentPanelMirror.png</texture>
        </control>
      </control>
      <control type="group">
        <include>VisibleFadeEffect</include>
        <visible>Control.IsVisible(504) | Control.IsVisible(550) | Control.IsVisible(512)</visible>
        <control type="image">
          <left>50</left>
          <top>60</top>
          <width>640</width>
          <height>600</height>
          <texture border="15">ContentPanel.png</texture>
        </control>
        <control type="image">
          <left>50</left>
          <top>652</top>
          <width>640</width>
          <height>64</height>
          <texture border="15">ContentPanelMirror.png</texture>
        </control>
        <control type="image">
          <left>700</left>
          <top>60</top>
          <width>530</width>
          <height>600</height>
          <texture border="15">ContentPanel.png</texture>
        </control>
        <control type="image">
          <left>700</left>
          <top>652</top>
          <width>530</width>
          <height>64</height>
          <texture border="15">ContentPanelMirror.png</texture>
        </control>
      </control>
      <control type="group">
        <include>VisibleFadeEffect</include>
        <visible>Control.IsVisible(551) | Control.IsVisible(560) | Control.IsVisible(511) | Control.IsVisible(506) | Control.IsVisible(513)</visible>
        <control type="image">
          <left>50</left>
          <top>60</top>
          <width>840</width>
          <height>600</height>
          <texture border="15">ContentPanel.png</texture>
        </control>
        <control type="image">
          <left>50</left>
          <top>652</top>
          <width>840</width>
          <height>64</height>
          <texture border="15">ContentPanelMirror.png</texture>
        </control>
        <control type="image">
          <left>900</left>
          <top>60</top>
          <width>330</width>
          <height>600</height>
          <texture border="15">ContentPanel.png</texture>
        </control>
        <control type="image">
          <left>900</left>
          <top>652</top>
          <width>330</width>
          <height>64</height>
          <texture border="15">ContentPanelMirror.png</texture>
        </control>
      </control>
      <control type="group">
        <include>VisibleFadeEffect</include>
        <visible>Control.IsVisible(501)</visible>
        <control type="image">
          <left>50</left>
          <top>50</top>
          <width>1180</width>
          <height>610</height>
          <texture border="15">ContentPanel.png</texture>
        </control>
        <control type="image">
          <left>50</left>
          <top>652</top>
          <width>1180</width>
          <height>64</height>
          <texture border="15">ContentPanelMirror.png</texture>
        </control>
      </control>
      <control type="group">
        <include>VisibleFadeEffect</include>
        <visible>Control.IsVisible(503)</visible>
        <control type="image">
          <left>50</left>
          <top>230</top>
          <width>640</width>
          <height>430</height>
          <texture border="15">ContentPanel.png</texture>
        </control>
        <control type="image">
          <left>50</left>
          <top>652</top>
          <width>640</width>
          <height>64</height>
          <texture border="15">ContentPanelMirror.png</texture>
        </control>
        <control type="image">
          <left>700</left>
          <top>230</top>
          <width>550</width>
          <height>430</height>
          <texture border="15">ContentPanel.png</texture>
        </control>
        <control type="image">
          <left>700</left>
          <top>652</top>
          <width>550</width>
          <height>64</height>
          <texture border="15">ContentPanelMirror.png</texture>
        </control>
      </control>
      <control type="group">
        <include>VisibleFadeEffect</include>
        <visible>Control.IsVisible(51) | Control.IsVisible(500) | Control.IsVisible(505)</visible>
        <control type="image">
          <left>75</left>
          <top>60</top>
          <width>1130</width>
          <height>600</height>
          <texture border="15">ContentPanel.png</texture>
        </control>
        <control type="image">
          <left>75</left>
          <top>652</top>
          <width>1130</width>
          <height>64</height>
          <texture border="15">ContentPanelMirror.png</texture>
        </control>
      </control>
      <control type="group">
        <include>VisibleFadeEffect</include>
        <visible>Control.IsVisible(514)</visible>
        <control type="image">
          <left>50</left>
          <top>60</top>
          <width>490</width>
          <height>600</height>
          <texture border="15">ContentPanel.png</texture>
        </control>
        <control type="image">
          <left>50</left>
          <top>652</top>
          <width>490</width>
          <height>64</height>
          <texture border="15">ContentPanelMirror.png</texture>
        </control>
        <control type="image">
          <left>550</left>
          <top>60</top>
          <width>680</width>
          <height>600</height>
          <texture border="15">ContentPanel.png</texture>
        </control>
        <control type="image">
          <left>550</left>
          <top>652</top>
          <width>680</width>
          <height>64</height>
          <texture border="15">ContentPanelMirror.png</texture>
        </control>
      </control>
      <control type="group">
        <include>VisibleFadeEffect</include>
        <visible>Control.IsVisible(515)</visible>
        <control type="image">
          <left>50</left>
          <top>60</top>
          <width>400</width>
          <height>600</height>
          <texture border="15">ContentPanel.png</texture>
        </control>
        <control type="image">
          <left>50</left>
          <top>652</top>
          <width>400</width>
          <height>64</height>
          <texture border="15">ContentPanelMirror.png</texture>
        </control>
        <control type="image">
          <left>460</left>
          <top>60</top>
          <width>770</width>
          <height>600</height>
          <texture border="15">ContentPanel.png</texture>
        </control>
        <control type="image">
          <left>460</left>
          <top>652</top>
          <width>770</width>
          <height>64</height>
          <texture border="15">ContentPanelMirror.png</texture>
        </control>
      </control>
    </control>
  </include>
</includes>