﻿<?xml version="1.0" encoding="utf-8" standalone="yes"?>
<addon id="plugin.script.rearcam" name="RearCam for Kodi" version="0.1.1" provider-name="harryberlin">
  <requires>
    <import addon="xbmc.python" version="2.19.0" />
  </requires>
  <extension point="xbmc.python.script" library="default.py">
    <provides>executable</provides>
    <provides>image</provides>
    <provides>video</provides>
  </extension>
  <extension point="xbmc.service" library="service.py" start="login" />
  <extension point="xbmc.addon.metadata">
    <summary lang="en">Display 6 Security Cameras</summary>
    <summary lang="de">Zeige 6 Sicherheitskameras an</summary>
    <description lang="en">Display 6 Security Cameras</description>
    <description lang="de">Zeige 6 Sicherheitskameras an</description>
    <platform>linux</platform>
    <language>en</language>
    <language>de</language>
    <license>Creative Commons Attribution-NonCommercial-ShareAlike 4.0 International (CC BY-NC-SA 4.0)</license>
    <forum>
      <!-- http://www.xbmcnerds.com/index.php?page=Thread&threadID=32671 -->
    </forum>
    <website></website>
    <email></email>
    <source></source>
  </extension>
</addon>